Name,Date,Last Observation (%),Last Observation (ML)
Leslie Harrison,04/03/2017,65.8,8692.86
Leslie Harrison,05/03/2017,66,8709.62
Leslie Harrison,06/03/2017,65.8,8695.93
Leslie Harrison,07/03/2017,65.7,8677.4
Leslie Harrison,08/03/2017,65.5,8644.61
Leslie Harrison,09/03/2017,65.4,8633.59
Leslie Harrison,10/03/2017,65.2,8607.59
Leslie Harrison,11/03/2017,64.9,8568.85
Leslie Harrison,12/03/2017,64.8,8558.24
Leslie Harrison,13/03/2017,64.8,8561.14
Leslie Harrison,14/03/2017,64.6,8530.85
Leslie Harrison,15/03/2017,64.7,8537.88
Leslie Harrison,16/03/2017,64.5,8522.12
Leslie Harrison,17/03/2017,64.7,8549.9
Leslie Harrison,18/03/2017,64.8,8559.04
Leslie Harrison,19/03/2017,65.1,8595.23
Leslie Harrison,20/03/2017,65.6,8667.04
Leslie Harrison,21/03/2017,66.6,8794.54
Leslie Harrison,22/03/2017,66.7,8808.11
Leslie Harrison,23/03/2017,66.8,8817.45
Leslie Harrison,24/03/2017,67.5,8907.89
Leslie Harrison,25/03/2017,67.7,8934.46
Leslie Harrison,26/03/2017,67.8,8958.95
Leslie Harrison,27/03/2017,67.7,8940.46
Leslie Harrison,28/03/2017,67.6,8928.43
Leslie Harrison,29/03/2017,67.7,8937.86
Leslie Harrison,30/03/2017,124.7,16471.68
Leslie Harrison,31/03/2017,109.1,14404.09
Leslie Harrison,01/04/2017,104.1,13746.53
Leslie Harrison,02/04/2017,102.3,13513.74
Leslie Harrison,03/04/2017,101.5,13403.6
Leslie Harrison,04/04/2017,101,13334
Leslie Harrison,05/04/2017,100.6,13290.43
Leslie Harrison,06/04/2017,100.6,13278.8
Leslie Harrison,07/04/2017,100.4,13255.53
Leslie Harrison,08/04/2017,100.2,13229.32
Leslie Harrison,09/04/2017,100.1,13220.58
Leslie Harrison,10/04/2017,100.1,13214.75
Leslie Harrison,11/04/2017,99.8,13179.73
Leslie Harrison,12/04/2017,99.7,13165.11
Leslie Harrison,13/04/2017,99.6,13153.42
Leslie Harrison,14/04/2017,99.5,13144.64
Leslie Harrison,15/04/2017,99.5,13135.86
Leslie Harrison,16/04/2017,99.4,13121.22
Leslie Harrison,17/04/2017,99.2,13106.58
Leslie Harrison,18/04/2017,99.1,13091.93
Leslie Harrison,19/04/2017,99,13077.27
Leslie Harrison,20/04/2017,98.9,13062.61
Leslie Harrison,21/04/2017,98.8,13047.94
Leslie Harrison,22/04/2017,98.8,13050.87
Leslie Harrison,23/04/2017,98.7,13036.2
Leslie Harrison,24/04/2017,98.7,13030.33
Leslie Harrison,25/04/2017,98.6,13018.59
Leslie Harrison,26/04/2017,98.6,13018.59
Leslie Harrison,27/04/2017,98.4,13000.98
Leslie Harrison,28/04/2017,98.3,12986.31
Leslie Harrison,29/04/2017,98.2,12962.82
Leslie Harrison,30/04/2017,98.1,12951.08
Leslie Harrison,01/05/2017,98,12942.27
Leslie Harrison,02/05/2017,97.9,12930.53
Leslie Harrison,03/05/2017,97.8,12918.79
Leslie Harrison,04/05/2017,97.7,12907.05
Leslie Harrison,05/05/2017,97.6,12886.52
Leslie Harrison,06/05/2017,97.5,12874.79
Leslie Harrison,07/05/2017,97.4,12860.13
Leslie Harrison,08/05/2017,97.6,12889.45
Leslie Harrison,09/05/2017,97.5,12871.86
Leslie Harrison,10/05/2017,97.5,12874.79
Leslie Harrison,11/05/2017,97.4,12865.99
Leslie Harrison,12/05/2017,97.3,12851.34
Leslie Harrison,13/05/2017,97.2,12839.62
Leslie Harrison,14/05/2017,97.2,12842.55
Leslie Harrison,15/05/2017,97.2,12836.69
Leslie Harrison,16/05/2017,97.1,12822.04
Leslie Harrison,17/05/2017,97,12807.41
Leslie Harrison,18/05/2017,96.9,12798.63
Leslie Harrison,19/05/2017,97,12816.19
Leslie Harrison,20/05/2017,97,12813.26
Leslie Harrison,21/05/2017,97,12804.48
Leslie Harrison,22/05/2017,96.9,12795.71
Leslie Harrison,23/05/2017,96.8,12781.09
Leslie Harrison,24/05/2017,96.7,12769.4
Leslie Harrison,25/05/2017,96.6,12754.8
Leslie Harrison,26/05/2017,96.5,12740.21
Leslie Harrison,27/05/2017,96.4,12728.55
Leslie Harrison,28/05/2017,96.3,12716.89
Leslie Harrison,29/05/2017,96.2,12705.24
Leslie Harrison,30/05/2017,96.1,12690.69
Leslie Harrison,31/05/2017,96,12673.26
Leslie Harrison,01/06/2017,95.8,12650.04
Leslie Harrison,02/06/2017,95.7,12632.65
Leslie Harrison,03/06/2017,95.5,12615.29
Leslie Harrison,04/06/2017,95.4,12600.85
Leslie Harrison,05/06/2017,95.3,12586.42
Leslie Harrison,06/06/2017,95.2,12572.01
Leslie Harrison,07/06/2017,95,12546.12
Leslie Harrison,08/06/2017,94.9,12534.64
Leslie Harrison,09/06/2017,94.8,12517.45
Leslie Harrison,10/06/2017,94.7,12506
Leslie Harrison,11/06/2017,95.4,12595.07
Leslie Harrison,12/06/2017,95.7,12635.55
Leslie Harrison,13/06/2017,96.2,12705.24
Leslie Harrison,14/06/2017,98.2,12974.56
Leslie Harrison,15/06/2017,98.9,13065.54
Leslie Harrison,16/06/2017,99.2,13097.79
Leslie Harrison,17/06/2017,99.3,13115.37
Leslie Harrison,18/06/2017,99.4,13121.22
Leslie Harrison,19/06/2017,99.3,13112.44
Leslie Harrison,20/06/2017,99.2,13103.65
Leslie Harrison,21/06/2017,99.1,13091.93
Leslie Harrison,22/06/2017,99.1,13083.13
Leslie Harrison,23/06/2017,99,13074.34
Leslie Harrison,24/06/2017,98.9,13062.61
Leslie Harrison,25/06/2017,98.9,13056.74
Leslie Harrison,26/06/2017,98.8,13045.01
Leslie Harrison,27/06/2017,98.7,13039.14
Leslie Harrison,28/06/2017,98.6,13027.4
Leslie Harrison,29/06/2017,98.6,13018.59
Leslie Harrison,30/06/2017,98.6,13021.53
Leslie Harrison,01/07/2017,98.5,13009.79
Leslie Harrison,02/07/2017,98.4,12995.11
Leslie Harrison,03/07/2017,98.3,12983.37
Leslie Harrison,04/07/2017,98.2,12974.56
Leslie Harrison,05/07/2017,98.3,12986.07
Leslie Harrison,06/07/2017,98.3,12977.5
Leslie Harrison,07/07/2017,98.4,12989.24
Leslie Harrison,08/07/2017,98.3,12986.31
Leslie Harrison,09/07/2017,98.2,12968.69
Leslie Harrison,10/07/2017,98.1,12959.88
Leslie Harrison,11/07/2017,98,12945.21
Leslie Harrison,12/07/2017,98,12936.4
Leslie Harrison,13/07/2017,97.9,12924.66
Leslie Harrison,14/07/2017,97.8,12912.92
Leslie Harrison,15/07/2017,98.2,12974.56
Leslie Harrison,16/07/2017,98.4,12992.18
Leslie Harrison,17/07/2017,98.4,12989.24
Leslie Harrison,18/07/2017,98.3,12983.37
Leslie Harrison,19/07/2017,98.3,12980.43
Leslie Harrison,20/07/2017,98.2,12962.82
Leslie Harrison,21/07/2017,98,12945.21
Leslie Harrison,22/07/2017,98,12936.4
Leslie Harrison,23/07/2017,97.9,12924.66
Leslie Harrison,24/07/2017,97.7,12907.05
Leslie Harrison,25/07/2017,97.6,12889.45
Leslie Harrison,26/07/2017,97.4,12868.92
Leslie Harrison,27/07/2017,97.3,12848.41
Leslie Harrison,28/07/2017,97.2,12830.83
Leslie Harrison,29/07/2017,97,12816.19
Leslie Harrison,30/07/2017,96.9,12795.71
Leslie Harrison,31/07/2017,96.8,12781.09
Leslie Harrison,01/08/2017,96.6,12754.8
Leslie Harrison,02/08/2017,96.5,12740.21
Leslie Harrison,03/08/2017,96.3,12719.8
Leslie Harrison,04/08/2017,96.2,12699.42
Leslie Harrison,05/08/2017,96,12676.16
Leslie Harrison,06/08/2017,95.8,12650.04
Leslie Harrison,07/08/2017,95.7,12638.45
Leslie Harrison,08/08/2017,95.5,12612.4
Leslie Harrison,09/08/2017,95.3,12586.42
Leslie Harrison,10/08/2017,95.1,12563.37
Leslie Harrison,11/08/2017,95,12543.25
Leslie Harrison,12/08/2017,94.9,12528.91
Leslie Harrison,13/08/2017,94.7,12508.86
Leslie Harrison,14/08/2017,94.6,12491.71
Leslie Harrison,15/08/2017,94.4,12466.06
Leslie Harrison,16/08/2017,94.2,12434.8
Leslie Harrison,17/08/2017,94,12414.97
Leslie Harrison,18/08/2017,93.8,12386.71
Leslie Harrison,19/08/2017,93.5,12350.12
Leslie Harrison,20/08/2017,93.3,12319.26
Leslie Harrison,21/08/2017,93.1,12296.89
Leslie Harrison,22/08/2017,93,12277.36
Leslie Harrison,23/08/2017,92.8,12257.87
Leslie Harrison,24/08/2017,92.8,12260.65
Leslie Harrison,25/08/2017,92.7,12243.98
Leslie Harrison,26/08/2017,92.5,12216.25
Leslie Harrison,27/08/2017,92.4,12199.65
Leslie Harrison,28/08/2017,92.2,12180.32
Leslie Harrison,29/08/2017,92,12155.53
Leslie Harrison,30/08/2017,91.9,12133.55
Leslie Harrison,31/08/2017,91.7,12106.14
Leslie Harrison,01/09/2017,91.5,12084.27
Leslie Harrison,02/09/2017,91.3,12057
Leslie Harrison,03/09/2017,91.1,12027.09
Leslie Harrison,04/09/2017,90.9,12005.39
Leslie Harrison,05/09/2017,90.7,11975.63
Leslie Harrison,06/09/2017,90.4,11935.19
Leslie Harrison,07/09/2017,90.1,11900.27
Leslie Harrison,08/09/2017,90,11886.87
Leslie Harrison,09/09/2017,89.8,11854.78
Leslie Harrison,10/09/2017,89.6,11838.76
Leslie Harrison,11/09/2017,89.4,11812.13
Leslie Harrison,12/09/2017,89.4,11804.15
Leslie Harrison,13/09/2017,89.3,11790.87
Leslie Harrison,14/09/2017,89.2,11774.95
Leslie Harrison,15/09/2017,88.9,11737.89
Leslie Harrison,16/09/2017,88.7,11711.5
Leslie Harrison,17/09/2017,88.6,11695.69
Leslie Harrison,18/09/2017,88.4,11674.64
Leslie Harrison,19/09/2017,88.3,11656.26
Leslie Harrison,20/09/2017,88.2,11645.76
Leslie Harrison,21/09/2017,88.1,11630.04
Leslie Harrison,22/09/2017,87.9,11606.49
Leslie Harrison,23/09/2017,87.8,11593.43
Leslie Harrison,24/09/2017,87.7,11577.77
Leslie Harrison,25/09/2017,87.5,11559.53
Leslie Harrison,26/09/2017,87.4,11541.31
Leslie Harrison,27/09/2017,87.3,11525.72
Leslie Harrison,28/09/2017,87.1,11507.54
Leslie Harrison,29/09/2017,87,11484.22
Leslie Harrison,30/09/2017,86.8,11463.52
Leslie Harrison,01/10/2017,86.8,11458.34
Leslie Harrison,02/10/2017,87.1,11507.54
Leslie Harrison,03/10/2017,87.4,11546.51
Leslie Harrison,04/10/2017,87.5,11551.72
Leslie Harrison,05/10/2017,87.4,11538.71
Leslie Harrison,06/10/2017,87.5,11554.32
Leslie Harrison,07/10/2017,87.4,11543.91
Leslie Harrison,08/10/2017,87.3,11530.91
Leslie Harrison,09/10/2017,87.2,11517.92
Leslie Harrison,10/10/2017,87.1,11504.95
Leslie Harrison,11/10/2017,87,11486.81
Leslie Harrison,12/10/2017,87,11484.22
Leslie Harrison,13/10/2017,86.9,11471.28
Leslie Harrison,14/10/2017,87,11489.4
Leslie Harrison,15/10/2017,89.1,11769.65
Leslie Harrison,16/10/2017,90.2,11916.91
Leslie Harrison,17/10/2017,90.8,11988.25
Leslie Harrison,18/10/2017,91.6,12100.67
Leslie Harrison,19/10/2017,92,12150.03
Leslie Harrison,20/10/2017,92.1,12163.79
Leslie Harrison,21/10/2017,92.5,12216.25
Leslie Harrison,22/10/2017,92.6,12227.33
Leslie Harrison,23/10/2017,93.3,12327.67
Leslie Harrison,24/10/2017,93.5,12341.69
Leslie Harrison,25/10/2017,93.5,12344.5
Leslie Harrison,26/10/2017,93.5,12350.12
Leslie Harrison,27/10/2017,93.4,12338.88
Leslie Harrison,28/10/2017,93.3,12322.06
Leslie Harrison,29/10/2017,93.2,12305.27
Leslie Harrison,30/10/2017,93.2,12305.27
Leslie Harrison,31/10/2017,93.1,12288.52
Leslie Harrison,01/11/2017,92.9,12269
Leslie Harrison,02/11/2017,92.8,12249.53
Leslie Harrison,03/11/2017,92.7,12235.65
Leslie Harrison,04/11/2017,92.5,12216.25
Leslie Harrison,05/11/2017,92.4,12199.65
Leslie Harrison,06/11/2017,92.4,12202.41
Leslie Harrison,07/11/2017,92.4,12207.94
Leslie Harrison,08/11/2017,92.4,12202.41
Leslie Harrison,09/11/2017,92.1,12163.79
Leslie Harrison,10/11/2017,92.1,12158.28
Leslie Harrison,11/11/2017,91.9,12139.04
Leslie Harrison,12/11/2017,91.8,12119.83
Leslie Harrison,13/11/2017,91.7,12106.14
Leslie Harrison,14/11/2017,91.5,12081.54
Leslie Harrison,15/11/2017,91.3,12062.45
Leslie Harrison,16/11/2017,91.2,12046.11
Leslie Harrison,17/11/2017,91.1,12027.09
Leslie Harrison,18/11/2017,91.5,12087
Leslie Harrison,19/11/2017,91.7,12106.14
Leslie Harrison,20/11/2017,91.6,12097.93
Leslie Harrison,21/11/2017,91.6,12097.93
Leslie Harrison,22/11/2017,91.5,12078.81
Leslie Harrison,23/11/2017,91.3,12062.45
Leslie Harrison,24/11/2017,91.2,12048.83
Leslie Harrison,25/11/2017,91.1,12035.24
Leslie Harrison,26/11/2017,91,12013.52
Leslie Harrison,27/11/2017,90.8,11997.27
Leslie Harrison,28/11/2017,90.7,11981.04
Leslie Harrison,29/11/2017,91,12013.52
Leslie Harrison,30/11/2017,91,12021.66
Leslie Harrison,01/12/2017,91,12018.94
Leslie Harrison,02/12/2017,90.9,12005.39
Leslie Harrison,03/12/2017,90.8,11994.56
Leslie Harrison,04/12/2017,91.2,12037.95
Leslie Harrison,05/12/2017,91.1,12027.09
Leslie Harrison,06/12/2017,90.9,12008.1
Leslie Harrison,07/12/2017,90.8,11986.44
Leslie Harrison,08/12/2017,90.9,12001.41
Leslie Harrison,09/12/2017,90.9,11998.04
Leslie Harrison,10/12/2017,90.8,11997.27
Leslie Harrison,11/12/2017,90.6,11970.23
Leslie Harrison,12/12/2017,90.4,11943.27
Leslie Harrison,13/12/2017,90.3,11921.75
Leslie Harrison,14/12/2017,90.1,11897.59
Leslie Harrison,15/12/2017,89.9,11876.16
Leslie Harrison,16/12/2017,89.9,11870.81
Leslie Harrison,17/12/2017,89.7,11846.77
Leslie Harrison,18/12/2017,89.5,11825.44
Leslie Harrison,19/12/2017,89.3,11798.84
Leslie Harrison,20/12/2017,89.1,11767
Leslie Harrison,21/12/2017,88.9,11737.89
Leslie Harrison,22/12/2017,88.8,11724.69
Leslie Harrison,23/12/2017,88.6,11698.32
Leslie Harrison,24/12/2017,88.4,11669.39
Leslie Harrison,25/12/2017,89.5,11822.78
Leslie Harrison,26/12/2017,90.3,11927.12
Leslie Harrison,27/12/2017,90.2,11916.37
Leslie Harrison,28/12/2017,90.2,11913.69
Leslie Harrison,29/12/2017,90.2,11908.32
Leslie Harrison,30/12/2017,90.1,11897.59
Leslie Harrison,31/12/2017,90,11886.87
Leslie Harrison,01/01/2018,89.9,11876.16
Leslie Harrison,02/01/2018,90.3,11924.43
Leslie Harrison,03/01/2018,90.3,11929.81
Leslie Harrison,04/01/2018,90.2,11916.37
Leslie Harrison,05/01/2018,90.2,11905.63
Leslie Harrison,06/01/2018,90.1,11892.23
Leslie Harrison,07/01/2018,89.9,11870.81
Leslie Harrison,08/01/2018,89.7,11844.1
Leslie Harrison,09/01/2018,89.5,11822.78
Leslie Harrison,10/01/2018,89.3,11798.84
Leslie Harrison,11/01/2018,89.2,11782.91
Leslie Harrison,12/01/2018,89,11759.06
Leslie Harrison,13/01/2018,88.9,11737.89
Leslie Harrison,14/01/2018,88.7,11713.12
Leslie Harrison,15/01/2018,88.3,11658.88
Leslie Harrison,16/01/2018,88.1,11630.04
Leslie Harrison,17/01/2018,87.8,11593.43
Leslie Harrison,18/01/2018,87.6,11567.34
Leslie Harrison,19/01/2018,87.4,11541.31
Leslie Harrison,20/01/2018,87.2,11517.92
Leslie Harrison,21/01/2018,87,11494.58
Leslie Harrison,22/01/2018,86.9,11471.28
Leslie Harrison,23/01/2018,86.7,11455.76
Leslie Harrison,24/01/2018,86.6,11440.26
Leslie Harrison,25/01/2018,86.4,11414.47
Leslie Harrison,26/01/2018,86.3,11401.59
Leslie Harrison,27/01/2018,86.2,11386.15
Leslie Harrison,28/01/2018,86,11360.45
Leslie Harrison,29/01/2018,85.9,11350.19
Leslie Harrison,30/01/2018,85.8,11334.8
Leslie Harrison,31/01/2018,85.6,11304.07
Leslie Harrison,01/02/2018,85.3,11270.84
Leslie Harrison,02/02/2018,85.5,11293.83
Leslie Harrison,03/02/2018,85.6,11306.62
Leslie Harrison,04/02/2018,85.6,11301.51
Leslie Harrison,05/02/2018,85.4,11275.95
Leslie Harrison,06/02/2018,85.2,11247.87
Leslie Harrison,07/02/2018,85,11222.39
Leslie Harrison,08/02/2018,84.7,11191.86
Leslie Harrison,09/02/2018,84.6,11176.62
Leslie Harrison,10/02/2018,84.6,11171.54
Leslie Harrison,11/02/2018,84.9,11207.12
Leslie Harrison,12/02/2018,84.8,11202.03
Leslie Harrison,13/02/2018,84.8,11199.51
Leslie Harrison,14/02/2018,85,11224.94
Leslie Harrison,15/02/2018,84.9,11212.21
Leslie Harrison,16/02/2018,84.9,11212.21
Leslie Harrison,17/02/2018,84.8,11202.03
Leslie Harrison,18/02/2018,84.6,11174.08
Leslie Harrison,19/02/2018,84.4,11148.7
Leslie Harrison,20/02/2018,84.2,11123.36
Leslie Harrison,21/02/2018,84.1,11103.1
Leslie Harrison,22/02/2018,84,11087.93
Leslie Harrison,23/02/2018,98.6,13027.4
Leslie Harrison,24/02/2018,107.6,14206.66
Leslie Harrison,25/02/2018,104.2,13767.03
Leslie Harrison,26/02/2018,109.3,14432.13
Leslie Harrison,27/02/2018,106.2,14027.86
Leslie Harrison,28/02/2018,103.2,13624.04
Leslie Harrison,01/03/2018,101.9,13452.87
Leslie Harrison,02/03/2018,101.3,13374.61
Leslie Harrison,03/03/2018,100.9,13322.38
Leslie Harrison,04/03/2018,100.6,13281.71
Leslie Harrison,05/03/2018,100.9,13322.38
Leslie Harrison,06/03/2018,106,13997.87
Leslie Harrison,07/03/2018,105.4,13917.39
Leslie Harrison,08/03/2018,103.4,13653.14
Leslie Harrison,09/03/2018,102.2,13499.24
Leslie Harrison,10/03/2018,101.7,13435.48
Leslie Harrison,11/03/2018,101.5,13406.5
Leslie Harrison,12/03/2018,101.2,13365.91
Leslie Harrison,13/03/2018,101,13334
Leslie Harrison,14/03/2018,101.1,13351.41
Leslie Harrison,15/03/2018,101,13336.9
Leslie Harrison,16/03/2018,100.8,13307.86
Leslie Harrison,17/03/2018,100.6,13281.71
Leslie Harrison,18/03/2018,100.4,13261.35
Leslie Harrison,19/03/2018,100.3,13246.8
Leslie Harrison,20/03/2018,100.2,13232.24
Leslie Harrison,21/03/2018,100.9,13331.09
Leslie Harrison,22/03/2018,101.6,13415.19
Leslie Harrison,23/03/2018,101.8,13449.97
Leslie Harrison,24/03/2018,101.4,13386.21
Leslie Harrison,25/03/2018,101,13339.8
Leslie Harrison,26/03/2018,100.9,13319.48
Leslie Harrison,27/03/2018,100.6,13290.43
Leslie Harrison,28/03/2018,100.5,13272.99
Leslie Harrison,29/03/2018,100.5,13267.17
Leslie Harrison,30/03/2018,100.4,13261.35
Leslie Harrison,31/03/2018,100.3,13243.89
Leslie Harrison,01/04/2018,100.2,13226.41
Leslie Harrison,02/04/2018,100.1,13220.58
Leslie Harrison,03/04/2018,100.1,13217.67
Leslie Harrison,04/04/2018,100.2,13229.32
Leslie Harrison,05/04/2018,100.4,13255.53
Leslie Harrison,06/04/2018,100.4,13255.53
Leslie Harrison,07/04/2018,100.3,13246.8
Leslie Harrison,08/04/2018,100.2,13235.15
Leslie Harrison,09/04/2018,100.1,13223.5
Leslie Harrison,10/04/2018,100,13208.92
Leslie Harrison,11/04/2018,99.9,13197.25
Leslie Harrison,12/04/2018,99.9,13188.49
Leslie Harrison,13/04/2018,99.8,13176.8
Leslie Harrison,14/04/2018,99.7,13168.04
Leslie Harrison,15/04/2018,99.6,13159.27
Leslie Harrison,16/04/2018,99.6,13148.26
Leslie Harrison,17/04/2018,99.4,13130.01
Leslie Harrison,18/04/2018,99.5,13141.72
Leslie Harrison,19/04/2018,99.4,13130.01
Leslie Harrison,20/04/2018,99.6,13159.27
Leslie Harrison,21/04/2018,99.7,13165.11
Leslie Harrison,22/04/2018,99.6,13156.34
Leslie Harrison,23/04/2018,99.5,13141.72
Leslie Harrison,24/04/2018,99.4,13130.01
Leslie Harrison,25/04/2018,99.3,13118.3
Leslie Harrison,26/04/2018,99.2,13106.58
Leslie Harrison,27/04/2018,99.2,13097.79
Leslie Harrison,28/04/2018,99.1,13083.13
Leslie Harrison,29/04/2018,98.9,13064.34
Leslie Harrison,30/04/2018,98.8,13042.07
Leslie Harrison,01/05/2018,98.6,13021.53
Leslie Harrison,02/05/2018,98.5,13006.85
Leslie Harrison,03/05/2018,98.4,12998.05
Leslie Harrison,04/05/2018,98.3,12983.37
Leslie Harrison,05/05/2018,98.2,12974.56
Leslie Harrison,06/05/2018,98.1,12951.08
Leslie Harrison,07/05/2018,98,12939.34
Leslie Harrison,08/05/2018,98.6,13027.4
Leslie Harrison,09/05/2018,98.6,13021.53
Leslie Harrison,10/05/2018,98.5,13006.85
Leslie Harrison,11/05/2018,98.3,12983.37
Leslie Harrison,12/05/2018,98.1,12951.08
Leslie Harrison,13/05/2018,97.8,12918.79
Leslie Harrison,14/05/2018,97.7,12901.19
Leslie Harrison,15/05/2018,97.5,12877.72
Leslie Harrison,16/05/2018,97.4,12868.92
Leslie Harrison,17/05/2018,97.3,12848.41
Leslie Harrison,18/05/2018,97.2,12830.83
Leslie Harrison,19/05/2018,97,12816.19
Leslie Harrison,20/05/2018,97,12804.48
Leslie Harrison,21/05/2018,96.8,12778.17
Leslie Harrison,22/05/2018,96.6,12751.88
Leslie Harrison,23/05/2018,96.4,12725.63
Leslie Harrison,24/05/2018,96.3,12713.98
Leslie Harrison,25/05/2018,96.2,12699.42
Leslie Harrison,26/05/2018,96.2,12699.42
Leslie Harrison,27/05/2018,96,12673.26
Leslie Harrison,28/05/2018,95.9,12667.45
Leslie Harrison,29/05/2018,96,12676.16
Leslie Harrison,30/05/2018,95.9,12661.64
Leslie Harrison,31/05/2018,95.7,12641.34
Leslie Harrison,01/06/2018,95.5,12615.29
Leslie Harrison,02/06/2018,95.3,12586.42
Leslie Harrison,03/06/2018,95.1,12560.5
Leslie Harrison,04/06/2018,95,12543.25
Leslie Harrison,05/06/2018,94.8,12520.31
Leslie Harrison,06/06/2018,94.8,12519.77
Leslie Harrison,07/06/2018,95.4,12595.07
Leslie Harrison,08/06/2018,95.5,12606.62
Leslie Harrison,09/06/2018,95.4,12595.07
Leslie Harrison,10/06/2018,95.3,12589.3
Leslie Harrison,11/06/2018,95.2,12572.01
Leslie Harrison,12/06/2018,95,12551.87
Leslie Harrison,13/06/2018,94.9,12528.91
Leslie Harrison,14/06/2018,94.8,12517.45
Leslie Harrison,15/06/2018,94.7,12500.28
Leslie Harrison,16/06/2018,94.5,12480.3
Leslie Harrison,17/06/2018,94.3,12457.52
Leslie Harrison,18/06/2018,94.1,12426.3
Leslie Harrison,19/06/2018,93.9,12398
Leslie Harrison,20/06/2018,93.7,12378.25
Leslie Harrison,21/06/2018,93.6,12366.99
Leslie Harrison,22/06/2018,93.5,12350.12
Leslie Harrison,23/06/2018,93.4,12330.47
Leslie Harrison,24/06/2018,93.2,12313.67
Leslie Harrison,25/06/2018,93.1,12294.1
Leslie Harrison,26/06/2018,93.1,12288.52
Leslie Harrison,27/06/2018,93.1,12288.52
Leslie Harrison,28/06/2018,93.1,12294.1
Leslie Harrison,29/06/2018,93,12285.73
Leslie Harrison,30/06/2018,92.9,12269
Leslie Harrison,01/07/2018,92.8,12260.65
Leslie Harrison,02/07/2018,92.8,12249.53
Leslie Harrison,03/07/2018,92.7,12238.42
Leslie Harrison,04/07/2018,92.5,12219.02
Leslie Harrison,05/07/2018,92.5,12221.79
Leslie Harrison,06/07/2018,92.6,12232.87
Leslie Harrison,07/07/2018,92.7,12246.75
Leslie Harrison,08/07/2018,92.6,12227.33
Leslie Harrison,09/07/2018,92.4,12205.18
Leslie Harrison,10/07/2018,92.3,12188.6
Leslie Harrison,11/07/2018,92.2,12177.56
Leslie Harrison,12/07/2018,92.3,12185.84
Leslie Harrison,13/07/2018,92.2,12174.81
Leslie Harrison,14/07/2018,92.1,12161.03
Leslie Harrison,15/07/2018,92,12147.28
Leslie Harrison,16/07/2018,91.9,12136.29
Leslie Harrison,17/07/2018,91.8,12125.32
Leslie Harrison,18/07/2018,91.7,12114.35
Leslie Harrison,19/07/2018,91.6,12100.67
Leslie Harrison,20/07/2018,91.6,12092.46
Leslie Harrison,21/07/2018,91.5,12078.81
Leslie Harrison,22/07/2018,91.4,12070.62
Leslie Harrison,23/07/2018,91.3,12062.45
Leslie Harrison,24/07/2018,91.2,12048.83
Leslie Harrison,25/07/2018,91.2,12043.39
Leslie Harrison,26/07/2018,91.1,12035.24
Leslie Harrison,27/07/2018,91.1,12024.37
Leslie Harrison,28/07/2018,91,12016.23
Leslie Harrison,29/07/2018,90.9,12005.39
Leslie Harrison,30/07/2018,90.8,11997.27
Leslie Harrison,31/07/2018,90.7,11978.33
Leslie Harrison,01/08/2018,90.6,11964.83
Leslie Harrison,02/08/2018,90.6,11959.52
Leslie Harrison,03/08/2018,90.4,11940.57
Leslie Harrison,04/08/2018,90.3,11927.12
Leslie Harrison,05/08/2018,90.2,11913.69
Leslie Harrison,06/08/2018,90.2,11905.63
Leslie Harrison,07/08/2018,90.1,11897.59
Leslie Harrison,08/08/2018,90,11881.51
Leslie Harrison,09/08/2018,89.8,11862.79
Leslie Harrison,10/08/2018,89.7,11849.44
Leslie Harrison,11/08/2018,89.6,11836.1
Leslie Harrison,12/08/2018,89.5,11825.44
Leslie Harrison,13/08/2018,89.4,11804.15
Leslie Harrison,14/08/2018,89.3,11793.53
Leslie Harrison,15/08/2018,89.3,11788.22
Leslie Harrison,16/08/2018,89.2,11785.56
Leslie Harrison,17/08/2018,89.2,11779.73
Leslie Harrison,18/08/2018,89.1,11772.3
Leslie Harrison,19/08/2018,89.1,11764.16
Leslie Harrison,20/08/2018,88.9,11743.41
Leslie Harrison,21/08/2018,88.8,11724.69
Leslie Harrison,22/08/2018,88.7,11720.08
Leslie Harrison,23/08/2018,88.6,11703.59
Leslie Harrison,24/08/2018,88.6,11698.32
Leslie Harrison,25/08/2018,88.8,11727.33
Leslie Harrison,26/08/2018,89.4,11806.81
Leslie Harrison,27/08/2018,89.5,11814.79
Leslie Harrison,28/08/2018,89.4,11812.13
Leslie Harrison,29/08/2018,89.4,11806.81
Leslie Harrison,30/08/2018,89.3,11796.18
Leslie Harrison,31/08/2018,89.3,11788.22
Leslie Harrison,01/09/2018,89.2,11782.91
Leslie Harrison,02/09/2018,89.2,11774.95
Leslie Harrison,03/09/2018,89.1,11767
Leslie Harrison,04/09/2018,89.1,11761.7
Leslie Harrison,05/09/2018,89.2,11780.26
Leslie Harrison,06/09/2018,89.6,11836.1
Leslie Harrison,07/09/2018,89.6,11830.77
Leslie Harrison,08/09/2018,89.6,11833.43
Leslie Harrison,09/09/2018,89.5,11825.44
Leslie Harrison,10/09/2018,89.4,11812.13
Leslie Harrison,11/09/2018,89.3,11798.84
Leslie Harrison,12/09/2018,89.2,11785.56
Leslie Harrison,13/09/2018,89.2,11774.95
Leslie Harrison,14/09/2018,89.1,11764.35
Leslie Harrison,15/09/2018,89,11748.47
Leslie Harrison,16/09/2018,88.9,11743.18
Leslie Harrison,17/09/2018,88.7,11714.13
Leslie Harrison,18/09/2018,88.6,11698.32
Leslie Harrison,19/09/2018,88.5,11685.16
Leslie Harrison,20/09/2018,88.4,11669.39
Leslie Harrison,21/09/2018,88.2,11653.63
Leslie Harrison,22/09/2018,88.1,11630.04
Leslie Harrison,23/09/2018,88,11619.57
Leslie Harrison,24/09/2018,87.8,11598.65
Leslie Harrison,25/09/2018,87.7,11582.99
Leslie Harrison,26/09/2018,87.6,11567.34
Leslie Harrison,27/09/2018,87.5,11556.92
Leslie Harrison,28/09/2018,87.4,11543.91
Leslie Harrison,29/09/2018,87.3,11533.51
Leslie Harrison,30/09/2018,87.5,11551.72
Leslie Harrison,01/10/2018,87.3,11530.91
Leslie Harrison,02/10/2018,87.2,11515.33
Leslie Harrison,03/10/2018,87.1,11502.36
Leslie Harrison,04/10/2018,87,11489.4
Leslie Harrison,05/10/2018,86.9,11476.45
Leslie Harrison,06/10/2018,87.1,11497.17
Leslie Harrison,07/10/2018,87,11486.81
Leslie Harrison,08/10/2018,86.9,11476.45
Leslie Harrison,09/10/2018,86.8,11468.69
Leslie Harrison,10/10/2018,86.8,11458.34
Leslie Harrison,11/10/2018,86.9,11479.04
Leslie Harrison,12/10/2018,86.8,11466.1
Leslie Harrison,13/10/2018,87.4,11541.31
Leslie Harrison,14/10/2018,88.1,11635.28
Leslie Harrison,15/10/2018,91.9,12136.29
Leslie Harrison,16/10/2018,94.4,12471.75
Leslie Harrison,17/10/2018,94.9,12531.77
Leslie Harrison,18/10/2018,95.2,12574.89
Leslie Harrison,19/10/2018,95.3,12589.3
Leslie Harrison,20/10/2018,95.3,12589.3
Leslie Harrison,21/10/2018,96,12679.07
Leslie Harrison,22/10/2018,96.8,12784.01
Leslie Harrison,23/10/2018,97,12810.34
Leslie Harrison,24/10/2018,97,12810.34
Leslie Harrison,25/10/2018,97,12807.41
Leslie Harrison,26/10/2018,97,12816.19
Leslie Harrison,27/10/2018,96.8,12789.86
Leslie Harrison,28/10/2018,96.6,12760.64
Leslie Harrison,29/10/2018,96.5,12748.96
Leslie Harrison,30/10/2018,96.3,12719.8
Leslie Harrison,31/10/2018,96.1,12684.88
Leslie Harrison,01/11/2018,95.9,12658.74
Leslie Harrison,02/11/2018,95.6,12629.76
Leslie Harrison,03/11/2018,95.4,12603.73
Leslie Harrison,04/11/2018,95.3,12580.65
Leslie Harrison,05/11/2018,95.1,12554.75
Leslie Harrison,06/11/2018,94.9,12526.04
Leslie Harrison,07/11/2018,94.6,12494.57
Leslie Harrison,08/11/2018,94.4,12466.06
Leslie Harrison,09/11/2018,94.1,12423.46
Leslie Harrison,10/11/2018,93.9,12398
Leslie Harrison,11/11/2018,93.7,12372.62
Leslie Harrison,12/11/2018,93.5,12347.31
Leslie Harrison,13/11/2018,93.2,12313.67
Leslie Harrison,14/11/2018,93.1,12291.31
Leslie Harrison,15/11/2018,92.9,12266.22
Leslie Harrison,16/11/2018,92.7,12243.98
Leslie Harrison,17/11/2018,92.9,12264.84
Leslie Harrison,18/11/2018,92.8,12257.87
Leslie Harrison,19/11/2018,92.7,12238.42
Leslie Harrison,20/11/2018,92.5,12210.71
Leslie Harrison,21/11/2018,92.3,12194.12
Leslie Harrison,22/11/2018,92.4,12205.18
Leslie Harrison,23/11/2018,92.2,12177.22
Leslie Harrison,24/11/2018,91.9,12141.79
Leslie Harrison,25/11/2018,91.8,12117.09
Leslie Harrison,26/11/2018,91.6,12095.2
Leslie Harrison,27/11/2018,91.4,12071.3
Leslie Harrison,28/11/2018,91.3,12051.55
Leslie Harrison,29/11/2018,91,12013.52
Leslie Harrison,30/11/2018,90.8,11989.15
Leslie Harrison,01/12/2018,90.6,11967.53
Leslie Harrison,02/12/2018,90.4,11943.27
Leslie Harrison,03/12/2018,90.2,11916.37
Leslie Harrison,04/12/2018,90.1,11894.91
Leslie Harrison,05/12/2018,90,11889.55
Leslie Harrison,06/12/2018,89.8,11865.46
Leslie Harrison,07/12/2018,89.7,11841.43
Leslie Harrison,08/12/2018,89.5,11820.11
Leslie Harrison,09/12/2018,89.3,11793.53
Leslie Harrison,10/12/2018,89.2,11774.95
Leslie Harrison,11/12/2018,89,11751.12
Leslie Harrison,12/12/2018,88.8,11729.97
Leslie Harrison,13/12/2018,88.6,11706.23
Leslie Harrison,14/12/2018,88.4,11679.9
Leslie Harrison,15/12/2018,88.3,11666.76
Leslie Harrison,16/12/2018,88.7,11714.13
Leslie Harrison,17/12/2018,88.7,11714.13
Leslie Harrison,18/12/2018,88.7,11714.13
Leslie Harrison,19/12/2018,88.6,11706.23
Leslie Harrison,20/12/2018,88.4,11679.9
Leslie Harrison,21/12/2018,88.3,11661.51
Leslie Harrison,22/12/2018,88.2,11648.39
Leslie Harrison,23/12/2018,88,11616.95
Leslie Harrison,24/12/2018,87.7,11580.38
Leslie Harrison,25/12/2018,87.5,11556.92
Leslie Harrison,26/12/2018,87.3,11530.91
Leslie Harrison,27/12/2018,87.1,11507.54
Leslie Harrison,28/12/2018,86.9,11481.63
Leslie Harrison,29/12/2018,86.8,11465.57
Leslie Harrison,30/12/2018,86.6,11437.19
Leslie Harrison,31/12/2018,86.4,11416.56
Leslie Harrison,01/01/2019,86.2,11377.94
Leslie Harrison,02/01/2019,85.9,11349.68
Leslie Harrison,03/01/2019,86.6,11431.98
Leslie Harrison,04/01/2019,86.8,11465.57
Leslie Harrison,05/01/2019,86.7,11455.25
Leslie Harrison,06/01/2019,86.6,11437.19
Leslie Harrison,07/01/2019,86.4,11411.04
Leslie Harrison,08/01/2019,86.2,11385.87
Leslie Harrison,09/01/2019,86,11360.69
Leslie Harrison,10/01/2019,85.8,11335.6
Leslie Harrison,11/01/2019,85.6,11310.55
Leslie Harrison,12/01/2019,85.5,11285.49
Leslie Harrison,13/01/2019,85.3,11260.52
Leslie Harrison,14/01/2019,85.1,11235.53
Leslie Harrison,15/01/2019,84.9,11210.63
Leslie Harrison,16/01/2019,84.7,11185.71
Leslie Harrison,17/01/2019,84.5,11160.88
Leslie Harrison,18/01/2019,84.3,11130.19
Leslie Harrison,19/01/2019,84.1,11102.33
Leslie Harrison,20/01/2019,83.9,11077.05
Leslie Harrison,21/01/2019,83.6,11046.72
Leslie Harrison,22/01/2019,83.4,11014.02
Leslie Harrison,23/01/2019,83.1,10978.78
Leslie Harrison,24/01/2019,82.9,10943.48
Leslie Harrison,25/01/2019,82.7,10926.86
Leslie Harrison,26/01/2019,82.5,10894.33
Leslie Harrison,27/01/2019,82.2,10859.36
Leslie Harrison,28/01/2019,82,10829.44
Leslie Harrison,29/01/2019,81.8,10799.57
Leslie Harrison,30/01/2019,81.6,10769.76
Leslie Harrison,31/01/2019,81.4,10754.88
Leslie Harrison,01/02/2019,81.2,10722.68
Leslie Harrison,02/02/2019,81.1,10707.83
Leslie Harrison,03/02/2019,80.9,10685.6
Leslie Harrison,04/02/2019,80.9,10679.79
Leslie Harrison,05/02/2019,80.9,10686.96
Leslie Harrison,06/02/2019,81.2,10721.36
Leslie Harrison,07/02/2019,81.3,10736.88
Leslie Harrison,08/02/2019,81.3,10730.1
Leslie Harrison,09/02/2019,81.2,10717.73
Leslie Harrison,10/02/2019,80.9,10683.13
Leslie Harrison,11/02/2019,80.7,10660.93
Leslie Harrison,12/02/2019,80.5,10633.84
Leslie Harrison,13/02/2019,80.3,10606.79
Leslie Harrison,14/02/2019,80.2,10587.55
Leslie Harrison,15/02/2019,79.9,10550.4
Leslie Harrison,16/02/2019,79.5,10503.97
Leslie Harrison,17/02/2019,79.4,10484.46
Leslie Harrison,18/02/2019,79.2,10452.82
Leslie Harrison,19/02/2019,79,10433.39
Leslie Harrison,20/02/2019,78.8,10411.59
Leslie Harrison,21/02/2019,78.6,10382.49
Leslie Harrison,22/02/2019,78.4,10351.08
Leslie Harrison,23/02/2019,78.1,10312.51
Leslie Harrison,24/02/2019,77.9,10283.66
Leslie Harrison,25/02/2019,77.8,10269.25
Leslie Harrison,26/02/2019,77.7,10262.06
Leslie Harrison,27/02/2019,77.5,10239.65
Leslie Harrison,28/02/2019,77.5,10230.07
Leslie Harrison,01/03/2019,77.3,10211.94
Leslie Harrison,02/03/2019,77.4,10216.57
Leslie Harrison,03/03/2019,77.3,10202.24
Leslie Harrison,04/03/2019,77.1,10183.16
Leslie Harrison,05/03/2019,77,10171.24
Leslie Harrison,06/03/2019,76.9,10154.58
Leslie Harrison,07/03/2019,76.8,10142.31
Leslie Harrison,08/03/2019,76.8,10145.07
Leslie Harrison,09/03/2019,76.7,10123.7
Leslie Harrison,10/03/2019,76.5,10104.73
Leslie Harrison,11/03/2019,76.4,10086.28
Leslie Harrison,12/03/2019,76.3,10071.6
Leslie Harrison,13/03/2019,76.1,10045.64
Leslie Harrison,14/03/2019,76,10038.57
Leslie Harrison,15/03/2019,76.5,10104.73
Leslie Harrison,16/03/2019,77.5,10228.53
Leslie Harrison,17/03/2019,78.6,10384.91
Leslie Harrison,18/03/2019,78.9,10418.83
Leslie Harrison,19/03/2019,78.8,10411.55
Leslie Harrison,20/03/2019,78.8,10401.86
Leslie Harrison,21/03/2019,78.6,10382.49
Leslie Harrison,22/03/2019,78.6,10380.07
Leslie Harrison,23/03/2019,78.4,10358.32
Leslie Harrison,24/03/2019,78.4,10351.08
Leslie Harrison,25/03/2019,78.3,10346.25
Leslie Harrison,26/03/2019,78.2,10331.78
Leslie Harrison,27/03/2019,78.4,10355.91
Leslie Harrison,28/03/2019,78.6,10382.49
Leslie Harrison,29/03/2019,78.5,10367.98
Leslie Harrison,30/03/2019,78.7,10392.17
Leslie Harrison,31/03/2019,78.7,10394.59
Leslie Harrison,01/04/2019,78.5,10372.82
Leslie Harrison,02/04/2019,78.5,10360.74
Leslie Harrison,03/04/2019,78.5,10372.82
Leslie Harrison,04/04/2019,78.4,10358.32
Leslie Harrison,05/04/2019,78.4,10358.32
Leslie Harrison,06/04/2019,78.3,10346.25
Leslie Harrison,07/04/2019,78.3,10339.01
Leslie Harrison,08/04/2019,78.2,10324.55
Leslie Harrison,09/04/2019,78,10305.29
Leslie Harrison,10/04/2019,77.9,10290.06
Leslie Harrison,11/04/2019,77.9,10282.45
Leslie Harrison,12/04/2019,77.8,10276.45
Leslie Harrison,13/04/2019,77.7,10254.87
Leslie Harrison,14/04/2019,77.5,10239.3
Leslie Harrison,15/04/2019,77.4,10216.57
Leslie Harrison,16/04/2019,77.3,10204.65
Leslie Harrison,17/04/2019,77.2,10199.85
Leslie Harrison,18/04/2019,77.1,10183.16
Leslie Harrison,19/04/2019,77.3,10211.82
Leslie Harrison,20/04/2019,77.7,10262.06
Leslie Harrison,21/04/2019,78.1,10312.51
Leslie Harrison,22/04/2019,78.3,10334.19
Leslie Harrison,23/04/2019,78.3,10343.84
Leslie Harrison,24/04/2019,78.3,10334.19
Leslie Harrison,25/04/2019,78.2,10324.41
Leslie Harrison,26/04/2019,78.2,10322.14
Leslie Harrison,27/04/2019,78,10302.89
Leslie Harrison,28/04/2019,78,10295.67
Leslie Harrison,29/04/2019,77.8,10277.44
Leslie Harrison,30/04/2019,77.8,10269.25
Leslie Harrison,01/05/2019,77.8,10271.65
Leslie Harrison,02/05/2019,77.7,10262.06
Leslie Harrison,03/05/2019,77.6,10250.07
Leslie Harrison,04/05/2019,77.6,10250.07
Leslie Harrison,05/05/2019,77.6,10250.07
Leslie Harrison,06/05/2019,77.4,10226.92
Leslie Harrison,07/05/2019,77.3,10207.42
Leslie Harrison,08/05/2019,77.2,10196.28
Leslie Harrison,09/05/2019,77.1,10178.39
Leslie Harrison,10/05/2019,77,10168.86
Leslie Harrison,11/05/2019,76.9,10150.55
Leslie Harrison,12/05/2019,76.8,10138.79
Leslie Harrison,13/05/2019,76.7,10126.45
Leslie Harrison,14/05/2019,76.7,10127.07
Leslie Harrison,15/05/2019,76.6,10121.24
Leslie Harrison,16/05/2019,76.6,10117.39
Leslie Harrison,17/05/2019,76.8,10140.71
Leslie Harrison,18/05/2019,76.8,10135.66
Leslie Harrison,19/05/2019,76.7,10132.28
Leslie Harrison,20/05/2019,76.7,10133.95
Leslie Harrison,21/05/2019,76.7,10134.24
Leslie Harrison,22/05/2019,76.6,10118.61
Leslie Harrison,23/05/2019,76.6,10116.78
Leslie Harrison,24/05/2019,76.5,10108.8
Leslie Harrison,25/05/2019,76.6,10111.13
Leslie Harrison,26/05/2019,76.5,10107.31
Leslie Harrison,27/05/2019,76.5,10101.17
Leslie Harrison,28/05/2019,76.3,10073.77
Leslie Harrison,29/05/2019,76.1,10054.48
Leslie Harrison,30/05/2019,76,10039.32
Leslie Harrison,31/05/2019,75.9,10023.44
Leslie Harrison,01/06/2019,75.8,10007.94
Leslie Harrison,02/06/2019,75.8,10008.3
Leslie Harrison,03/06/2019,75.7,10003.05
Leslie Harrison,04/06/2019,75.5,9975.63
Leslie Harrison,05/06/2019,75.4,9959.17
Leslie Harrison,06/06/2019,75.3,9942.44
Leslie Harrison,07/06/2019,75.2,9931.74
Leslie Harrison,08/06/2019,75.2,9934.54
Leslie Harrison,09/06/2019,75.3,9947.69
Leslie Harrison,10/06/2019,75.1,9923.98
Leslie Harrison,11/06/2019,75.1,9922.28
Leslie Harrison,12/06/2019,75,9909.37
Leslie Harrison,13/06/2019,75,9906.05
Leslie Harrison,14/06/2019,75,9898.83
Leslie Harrison,15/06/2019,74.8,9883.5
Leslie Harrison,16/06/2019,75,9904.97
Leslie Harrison,17/06/2019,75.2,9935.31
Leslie Harrison,18/06/2019,75.1,9923.63
Leslie Harrison,19/06/2019,74.9,9896.53
Leslie Harrison,20/06/2019,74.8,9877.04
Leslie Harrison,21/06/2019,74.7,9867.74
Leslie Harrison,22/06/2019,74.6,9849.17
Leslie Harrison,23/06/2019,74.5,9835.26
Leslie Harrison,24/06/2019,74.4,9822.12
Leslie Harrison,25/06/2019,74.6,9856.13
Leslie Harrison,26/06/2019,75.1,9923.63
Leslie Harrison,27/06/2019,75.8,10007.32
Leslie Harrison,28/06/2019,75.8,10010.32
Leslie Harrison,29/06/2019,75.8,10010.64
Leslie Harrison,30/06/2019,75.8,10007.63
Leslie Harrison,01/07/2019,75.8,10008.07
Leslie Harrison,02/07/2019,75.8,10007.03
Leslie Harrison,03/07/2019,75.7,9991.74
Leslie Harrison,04/07/2019,75.6,9988.03
Leslie Harrison,05/07/2019,75.6,9990.27
Leslie Harrison,06/07/2019,75.8,10010.32
Leslie Harrison,07/07/2019,75.9,10023.55
Leslie Harrison,08/07/2019,75.9,10029.14
Leslie Harrison,09/07/2019,75.9,10021.03
Leslie Harrison,10/07/2019,75.9,10019.01
Leslie Harrison,11/07/2019,75.8,10004.84
Leslie Harrison,12/07/2019,75.6,9989.17
Leslie Harrison,13/07/2019,75.4,9961.65
Leslie Harrison,14/07/2019,75.4,9951.68
Leslie Harrison,15/07/2019,75.3,9939.72
Leslie Harrison,16/07/2019,75.1,9918.97
Leslie Harrison,17/07/2019,75,9900.31
Leslie Harrison,18/07/2019,74.9,9888.67
Leslie Harrison,19/07/2019,74.7,9869.36
Leslie Harrison,20/07/2019,74.6,9856.13
Leslie Harrison,21/07/2019,74.5,9835.26
Leslie Harrison,22/07/2019,74.3,9815.34
Leslie Harrison,23/07/2019,74.2,9798.58
Leslie Harrison,24/07/2019,74.1,9785.84
Leslie Harrison,25/07/2019,73.9,9761.35
Leslie Harrison,26/07/2019,73.7,9737.53
Leslie Harrison,27/07/2019,73.6,9717.68
Leslie Harrison,28/07/2019,73.5,9709.57
Leslie Harrison,29/07/2019,73.4,9691.98
Leslie Harrison,30/07/2019,73.3,9676.82
Leslie Harrison,31/07/2019,73.1,9658.6
Leslie Harrison,01/08/2019,73,9642.96
Leslie Harrison,02/08/2019,73,9639.95
Leslie Harrison,03/08/2019,72.9,9630.83
Leslie Harrison,04/08/2019,72.7,9602.27
Leslie Harrison,05/08/2019,72.6,9585.96
Leslie Harrison,06/08/2019,72.5,9569.71
Leslie Harrison,07/08/2019,72.4,9558.19
Leslie Harrison,08/08/2019,72.4,9558.19
Leslie Harrison,09/08/2019,72.2,9528.81
Leslie Harrison,10/08/2019,71.9,9492.74
Leslie Harrison,11/08/2019,71.7,9474.75
Leslie Harrison,12/08/2019,71.5,9447.82
Leslie Harrison,13/08/2019,71.3,9418.55
Leslie Harrison,14/08/2019,71.3,9416.47
Leslie Harrison,15/08/2019,71.2,9400.99
Leslie Harrison,16/08/2019,71.1,9385.21
Leslie Harrison,17/08/2019,70.9,9361.92
Leslie Harrison,18/08/2019,70.7,9342.95
Leslie Harrison,19/08/2019,70.6,9323.91
Leslie Harrison,20/08/2019,70.5,9307.41
Leslie Harrison,21/08/2019,70.2,9274.3
Leslie Harrison,22/08/2019,70,9249.95
Leslie Harrison,23/08/2019,69.7,9211.06
Leslie Harrison,24/08/2019,69.7,9199.81
Leslie Harrison,25/08/2019,69.6,9185.58
Leslie Harrison,26/08/2019,69.4,9166.55
Leslie Harrison,27/08/2019,69.3,9153.81
Leslie Harrison,28/08/2019,69.2,9140.79
Leslie Harrison,29/08/2019,69.1,9124.49
Leslie Harrison,30/08/2019,69,9115.32
Leslie Harrison,31/08/2019,68.9,9092.86
Leslie Harrison,01/09/2019,68.8,9079.52
Leslie Harrison,02/09/2019,68.6,9063.24
Leslie Harrison,03/09/2019,68.6,9054.86
Leslie Harrison,04/09/2019,68.4,9033.7
Leslie Harrison,05/09/2019,68.2,9010.02
Leslie Harrison,06/09/2019,68.1,8999.41
Leslie Harrison,07/09/2019,68.1,8992.56
Leslie Harrison,08/09/2019,67.9,8970.53
Leslie Harrison,09/09/2019,67.8,8955.03
Leslie Harrison,10/09/2019,67.5,8912.37
Leslie Harrison,11/09/2019,67.4,8900.01
Leslie Harrison,12/09/2019,67.3,8887.47
Leslie Harrison,13/09/2019,67.1,8866.41
Leslie Harrison,14/09/2019,67,8845.58
Leslie Harrison,15/09/2019,66.8,8821.51
Leslie Harrison,16/09/2019,66.7,8813.11
Leslie Harrison,17/09/2019,66.7,8806.64
Leslie Harrison,18/09/2019,66.6,8788.81
Leslie Harrison,19/09/2019,66.4,8770.43
Leslie Harrison,20/09/2019,66.3,8758.99
Leslie Harrison,21/09/2019,66.4,8767.16
Leslie Harrison,22/09/2019,66.5,8781.32
Leslie Harrison,23/09/2019,66.4,8763.52
Leslie Harrison,24/09/2019,66.2,8741.14
Leslie Harrison,25/09/2019,66,8721.88
Leslie Harrison,26/09/2019,66,8714.12
Leslie Harrison,27/09/2019,65.9,8705.42
Leslie Harrison,28/09/2019,65.8,8692.9
Leslie Harrison,29/09/2019,65.7,8677.72
Leslie Harrison,30/09/2019,65.5,8654.18
Leslie Harrison,01/10/2019,65.5,8644.76
Leslie Harrison,02/10/2019,65.3,8625.84
Leslie Harrison,03/10/2019,65.2,8605.25
Leslie Harrison,04/10/2019,65.1,8600.8
Leslie Harrison,05/10/2019,65,8587.63
Leslie Harrison,06/10/2019,64.9,8572.4
Leslie Harrison,07/10/2019,64.8,8553.98
Leslie Harrison,08/10/2019,64.6,8537.67
Leslie Harrison,09/10/2019,64.6,8528.34
Leslie Harrison,10/10/2019,64.3,8494.02
Leslie Harrison,11/10/2019,64.4,8504.27
Leslie Harrison,12/10/2019,64.9,8573.94
Leslie Harrison,13/10/2019,64.9,8567.42
Leslie Harrison,14/10/2019,64.7,8550.52
Leslie Harrison,15/10/2019,64.7,8545.15
Leslie Harrison,16/10/2019,64.7,8539.02
Leslie Harrison,17/10/2019,64.7,8540.07
Leslie Harrison,18/10/2019,64.7,8537.71
Leslie Harrison,19/10/2019,64.6,8533.1
Leslie Harrison,20/10/2019,64.5,8513.8
Leslie Harrison,21/10/2019,64.4,8501.12
Leslie Harrison,22/10/2019,64.3,8489.19
Leslie Harrison,23/10/2019,64.2,8473.72
Leslie Harrison,24/10/2019,64,8453.22
Leslie Harrison,25/10/2019,63.9,8434.25
Leslie Harrison,26/10/2019,63.8,8426.32
Leslie Harrison,27/10/2019,63.6,8401.62
Leslie Harrison,28/10/2019,63.4,8376.04
Leslie Harrison,29/10/2019,63.3,8361.1
Leslie Harrison,30/10/2019,63.1,8339.14
Leslie Harrison,31/10/2019,63.1,8332.94
Leslie Harrison,01/11/2019,63.1,8338.41
Leslie Harrison,02/11/2019,63.2,8341.28
Leslie Harrison,03/11/2019,63.1,8328.61
Leslie Harrison,04/11/2019,62.9,8309.11
Leslie Harrison,05/11/2019,62.8,8297.77
Leslie Harrison,06/11/2019,62.7,8274.46
Leslie Harrison,07/11/2019,62.5,8256.53
Leslie Harrison,08/11/2019,62.4,8234.96
Leslie Harrison,09/11/2019,62.2,8213.08
Leslie Harrison,10/11/2019,62,8192.14
Leslie Harrison,11/11/2019,61.9,8169.27
Leslie Harrison,12/11/2019,61.8,8156.76
Leslie Harrison,13/11/2019,61.5,8120.78
Leslie Harrison,14/11/2019,61.4,8106.82
Leslie Harrison,15/11/2019,61.4,8104.82
Leslie Harrison,16/11/2019,61.2,8082.93
Leslie Harrison,17/11/2019,61,8061.08
Leslie Harrison,18/11/2019,60.8,8033.33
Leslie Harrison,19/11/2019,60.6,8003.69
Leslie Harrison,20/11/2019,60.6,7999.75
Leslie Harrison,21/11/2019,60.4,7974.13
Leslie Harrison,22/11/2019,60.1,7938.78
Leslie Harrison,23/11/2019,59.8,7900.3
Leslie Harrison,24/11/2019,59.7,7885.98
Leslie Harrison,25/11/2019,59.6,7866.49
Leslie Harrison,26/11/2019,59.3,7827.48
Leslie Harrison,27/11/2019,59.1,7804.39
Leslie Harrison,28/11/2019,59,7786.99
Leslie Harrison,29/11/2019,58.8,7771.55
Leslie Harrison,30/11/2019,58.6,7742.67
Leslie Harrison,01/12/2019,58.6,7738.82
Leslie Harrison,02/12/2019,58.5,7724.46
Leslie Harrison,03/12/2019,58.2,7681.34
Leslie Harrison,04/12/2019,58.1,7675.61
Leslie Harrison,05/12/2019,58,7654.62
Leslie Harrison,06/12/2019,57.9,7641.29
Leslie Harrison,07/12/2019,57.7,7614.69
Leslie Harrison,08/12/2019,57.4,7584.37
Leslie Harrison,09/12/2019,57.3,7561.7
Leslie Harrison,10/12/2019,56.8,7501.49
Leslie Harrison,11/12/2019,56.8,7507.12
Leslie Harrison,12/12/2019,56.8,7501.49
Leslie Harrison,13/12/2019,56.9,7516.51
Leslie Harrison,14/12/2019,56.8,7501.49
Leslie Harrison,15/12/2019,56.6,7473.39
Leslie Harrison,16/12/2019,56.3,7439.79
Leslie Harrison,17/12/2019,56.1,7402.59
Leslie Harrison,18/12/2019,55.9,7387.74
Leslie Harrison,19/12/2019,55.8,7369.23
Leslie Harrison,20/12/2019,55.7,7350.74
Leslie Harrison,21/12/2019,55.5,7332.3
Leslie Harrison,22/12/2019,55.4,7312.04
Leslie Harrison,23/12/2019,55.3,7306.53
Leslie Harrison,24/12/2019,55.4,7317.56
Leslie Harrison,25/12/2019,55.5,7332.3
Leslie Harrison,26/12/2019,55.6,7335.98
Leslie Harrison,27/12/2019,55.5,7326.77
Leslie Harrison,28/12/2019,55.3,7299.18
Leslie Harrison,29/12/2019,55.3,7299.18
Leslie Harrison,30/12/2019,55,7269.84
Leslie Harrison,31/12/2019,55.1,7273.5
Leslie Harrison,01/01/2020,55,7257.03
Leslie Harrison,02/01/2020,54.8,7238.77
Leslie Harrison,03/01/2020,54.7,7218.71
Leslie Harrison,04/01/2020,54.3,7176.92
Leslie Harrison,05/01/2020,54.4,7180.55
Leslie Harrison,06/01/2020,54.2,7157
Leslie Harrison,07/01/2020,53.9,7124.49
Leslie Harrison,08/01/2020,53.9,7120.88
Leslie Harrison,09/01/2020,53.7,7095.69
Leslie Harrison,10/01/2020,53.6,7074.14
Leslie Harrison,11/01/2020,53.7,7092.09
Leslie Harrison,12/01/2020,53.7,7092.09
Leslie Harrison,13/01/2020,53.5,7059.81
Leslie Harrison,14/01/2020,53.4,7058.02
Leslie Harrison,15/01/2020,53.6,7074.14
Leslie Harrison,16/01/2020,53.7,7088.5
Leslie Harrison,17/01/2020,54,7131.7
Leslie Harrison,18/01/2020,59.3,7831.51
Leslie Harrison,19/01/2020,59.9,7907.45
Leslie Harrison,20/01/2020,62.8,8287.73
Leslie Harrison,21/01/2020,64.7,8542.05
Leslie Harrison,22/01/2020,65,8583.62
Leslie Harrison,23/01/2020,64.9,8573.21
Leslie Harrison,24/01/2020,65,8577.38
Leslie Harrison,25/01/2020,64.8,8558.66
Leslie Harrison,26/01/2020,64.7,8546.2
Leslie Harrison,27/01/2020,64.6,8535.83
Leslie Harrison,28/01/2020,64.5,8517.18
Leslie Harrison,29/01/2020,64.5,8515.11
Leslie Harrison,30/01/2020,64.3,8496.5
Leslie Harrison,31/01/2020,64,8457.31
Leslie Harrison,01/02/2020,63.9,8436.74
Leslie Harrison,02/02/2020,63.7,8418.26
Leslie Harrison,03/02/2020,63.6,8399.81
Leslie Harrison,04/02/2020,63.6,8397.76
Leslie Harrison,05/02/2020,63.5,8383.44
Leslie Harrison,06/02/2020,67.2,8874.63
Leslie Harrison,07/02/2020,77.4,10223.74
Leslie Harrison,08/02/2020,90.3,11924.43
Leslie Harrison,09/02/2020,109.5,14453.99
Leslie Harrison,10/02/2020,109.6,14472.75
Leslie Harrison,11/02/2020,106.8,14109.29
Leslie Harrison,12/02/2020,112.5,14860.17
Leslie Harrison,13/02/2020,121.9,16092.59
Leslie Harrison,14/02/2020,107.8,14237.28
Leslie Harrison,15/02/2020,103.7,13696.86
Leslie Harrison,16/02/2020,102,13467.36
Leslie Harrison,17/02/2020,101.3,13380.41
Leslie Harrison,18/02/2020,100.7,13293.34
Leslie Harrison,19/02/2020,100.9,13322.38
Leslie Harrison,20/02/2020,100.7,13293.34
Leslie Harrison,21/02/2020,100.3,13246.8
Leslie Harrison,22/02/2020,100.2,13235.15
Leslie Harrison,23/02/2020,100,13206
Leslie Harrison,24/02/2020,100.1,13223.5
Leslie Harrison,25/02/2020,100,13206
Leslie Harrison,26/02/2020,100,13206
Leslie Harrison,27/02/2020,100.4,13264.26
Leslie Harrison,28/02/2020,100.4,13264.26
Leslie Harrison,29/02/2020,100.2,13235.15
Leslie Harrison,01/03/2020,99.8,13176.8
Leslie Harrison,02/03/2020,99.8,13176.8
Leslie Harrison,03/03/2020,99.6,13147.57
Leslie Harrison,04/03/2020,99.6,13147.57
Leslie Harrison,05/03/2020,99.6,13147.57
Leslie Harrison,06/03/2020,99.3,13118.3
Leslie Harrison,07/03/2020,99.3,13118.3
Leslie Harrison,08/03/2020,99.1,13089
Leslie Harrison,09/03/2020,100.1,13220.58
Leslie Harrison,10/03/2020,102.2,13502.14
Leslie Harrison,11/03/2020,102.4,13525.33
Leslie Harrison,12/03/2020,101.8,13438.38
Leslie Harrison,13/03/2020,102.4,13516.63
Leslie Harrison,14/03/2020,101.5,13409.4
Leslie Harrison,15/03/2020,100.7,13293.34
Leslie Harrison,16/03/2020,100.4,13264.26
Leslie Harrison,17/03/2020,100,13206
Leslie Harrison,18/03/2020,99.8,13176.8
Leslie Harrison,19/03/2020,99.8,13176.8
Leslie Harrison,20/03/2020,100,13206
Leslie Harrison,21/03/2020,100,13206
Leslie Harrison,22/03/2020,99.8,13176.8
Leslie Harrison,23/03/2020,99.8,13176.8
Leslie Harrison,24/03/2020,99.8,13176.8
Leslie Harrison,25/03/2020,99.8,13176.8
Leslie Harrison,26/03/2020,99.6,13147.57
Leslie Harrison,27/03/2020,99.6,13147.57
Leslie Harrison,28/03/2020,99.3,13118.3
Leslie Harrison,29/03/2020,99.3,13118.3
Leslie Harrison,30/03/2020,99.3,13118.3
Leslie Harrison,31/03/2020,99.1,13089
Leslie Harrison,01/04/2020,99.1,13089
Leslie Harrison,02/04/2020,98.9,13059.67
Leslie Harrison,03/04/2020,98.9,13059.67
Leslie Harrison,04/04/2020,98.7,13030.33
Leslie Harrison,05/04/2020,98.7,13030.33
Leslie Harrison,06/04/2020,98.4,13000.98
Leslie Harrison,07/04/2020,98.2,12971.63
Leslie Harrison,08/04/2020,98,12942.27
Leslie Harrison,09/04/2020,98,12942.27
Leslie Harrison,10/04/2020,98,12942.27
Leslie Harrison,11/04/2020,97.8,12912.92
Leslie Harrison,12/04/2020,97.6,12883.59
Leslie Harrison,13/04/2020,97.6,12883.59
Leslie Harrison,14/04/2020,97.3,12854.27
Leslie Harrison,15/04/2020,97.2,12830.83
Leslie Harrison,16/04/2020,96.9,12795.71
Leslie Harrison,17/04/2020,96.9,12795.71
Leslie Harrison,18/04/2020,96.9,12795.71
Leslie Harrison,19/04/2020,96.7,12766.48
Leslie Harrison,20/04/2020,96.5,12737.29
Leslie Harrison,21/04/2020,96.5,12737.29
Leslie Harrison,22/04/2020,96.2,12708.15
Leslie Harrison,23/04/2020,96,12679.07
Leslie Harrison,24/04/2020,95.8,12650.04
Leslie Harrison,25/04/2020,95.8,12650.04
Leslie Harrison,26/04/2020,95.6,12621.08
Leslie Harrison,27/04/2020,95.6,12621.08
Leslie Harrison,28/04/2020,95.6,12621.08
Leslie Harrison,29/04/2020,95.4,12592.19
Leslie Harrison,30/04/2020,95.4,12592.19
Leslie Harrison,01/05/2020,95.1,12560.5
Leslie Harrison,02/05/2020,94.9,12534.64
Leslie Harrison,03/05/2020,94.7,12506
Leslie Harrison,04/05/2020,94.5,12477.45
Leslie Harrison,05/05/2020,94.3,12448.99
Leslie Harrison,06/05/2020,94.3,12448.99
Leslie Harrison,07/05/2020,94.3,12448.99
Leslie Harrison,08/05/2020,94.1,12420.63
Leslie Harrison,09/05/2020,93.8,12392.36
Leslie Harrison,10/05/2020,93.8,12392.36
Leslie Harrison,11/05/2020,93.6,12364.17
Leslie Harrison,12/05/2020,93.4,12336.08
Leslie Harrison,13/05/2020,93.4,12336.08
Leslie Harrison,14/05/2020,93.4,12336.08
Leslie Harrison,15/05/2020,93.2,12308.07
Leslie Harrison,16/05/2020,93,12280.15
Leslie Harrison,17/05/2020,93,12280.15
Leslie Harrison,18/05/2020,92.8,12252.31
Leslie Harrison,19/05/2020,93,12280.15
Leslie Harrison,20/05/2020,93,12280.15
Leslie Harrison,21/05/2020,93,12280.15
Leslie Harrison,22/05/2020,93,12280.15
Leslie Harrison,23/05/2020,92.6,12224.56
Leslie Harrison,24/05/2020,92.6,12224.56
Leslie Harrison,25/05/2020,92.4,12196.89
Leslie Harrison,26/05/2020,92.3,12185.84
Leslie Harrison,27/05/2020,92.1,12169.3
Leslie Harrison,28/05/2020,92.1,12169.3
Leslie Harrison,29/05/2020,91.9,12141.79
Leslie Harrison,30/05/2020,91.7,12114.35
Leslie Harrison,31/05/2020,91.8,12119.83
Leslie Harrison,01/06/2020,91.7,12114.35
Leslie Harrison,02/06/2020,91.5,12087
Leslie Harrison,03/06/2020,91.3,12059.72
Leslie Harrison,04/06/2020,91.1,12032.52
Leslie Harrison,05/06/2020,90.9,12005.39
Leslie Harrison,06/06/2020,90.7,11978.33
Leslie Harrison,07/06/2020,90.7,11978.33
Leslie Harrison,08/06/2020,90.5,11951.35
Leslie Harrison,09/06/2020,90.3,11924.43
Leslie Harrison,10/06/2020,90.4,11932.5
Leslie Harrison,11/06/2020,90.3,11924.43
Leslie Harrison,12/06/2020,90.3,11924.43
Leslie Harrison,13/06/2020,90.1,11900.27
Leslie Harrison,14/06/2020,90.5,11951.35
Leslie Harrison,15/06/2020,90.3,11924.43
Leslie Harrison,16/06/2020,90.3,11924.43
Leslie Harrison,17/06/2020,90.1,11897.59
Leslie Harrison,18/06/2020,90.1,11894.91
Leslie Harrison,19/06/2020,90.2,11908.32
Leslie Harrison,20/06/2020,90.2,11908.32
Leslie Harrison,21/06/2020,90.1,11897.59
Leslie Harrison,22/06/2020,90.1,11902.95
Leslie Harrison,23/06/2020,90,11881.51
Leslie Harrison,24/06/2020,89.8,11862.79
Leslie Harrison,25/06/2020,89.7,11849.44
Leslie Harrison,26/06/2020,89.6,11838.76
Leslie Harrison,27/06/2020,89.5,11825.44
Leslie Harrison,28/06/2020,89.5,11817.45
Leslie Harrison,29/06/2020,89.4,11804.15
Leslie Harrison,30/06/2020,89.3,11793.53
Leslie Harrison,01/07/2020,89.2,11782.91
Leslie Harrison,02/07/2020,89.1,11769.65
Leslie Harrison,03/07/2020,89.1,11761.7
Leslie Harrison,04/07/2020,89,11748.47
Leslie Harrison,05/07/2020,88.8,11727.33
Leslie Harrison,06/07/2020,88.7,11711.5
Leslie Harrison,07/07/2020,88.6,11695.69
Leslie Harrison,08/07/2020,88.5,11685.16
Leslie Harrison,09/07/2020,88.6,11706.23
Leslie Harrison,10/07/2020,88.6,11703.59
Leslie Harrison,11/07/2020,88.6,11695.69
Leslie Harrison,12/07/2020,88.6,11695.69
Leslie Harrison,13/07/2020,88.6,11698.32
Leslie Harrison,14/07/2020,88.4,11677.27
Leslie Harrison,15/07/2020,88.2,11653.63
Leslie Harrison,16/07/2020,88.1,11640.52
Leslie Harrison,17/07/2020,88,11622.19
Leslie Harrison,18/07/2020,87.9,11609.11
Leslie Harrison,19/07/2020,87.8,11598.65
Leslie Harrison,20/07/2020,87.7,11585.6
Leslie Harrison,21/07/2020,87.6,11572.56
Leslie Harrison,22/07/2020,87.6,11562.13
Leslie Harrison,23/07/2020,87.5,11554.32
Leslie Harrison,24/07/2020,87.6,11569.95
Leslie Harrison,25/07/2020,88.1,11637.9
Leslie Harrison,26/07/2020,89.1,11761.7
Leslie Harrison,27/07/2020,89,11753.76
Leslie Harrison,28/07/2020,89,11751.12
Leslie Harrison,29/07/2020,88.9,11745.83
Leslie Harrison,30/07/2020,88.9,11735.25
Leslie Harrison,31/07/2020,88.8,11724.69
Leslie Harrison,01/08/2020,88.7,11714.13
Leslie Harrison,02/08/2020,88.6,11706.23
Leslie Harrison,03/08/2020,88.6,11695.69
Leslie Harrison,04/08/2020,88.5,11687.79
Leslie Harrison,05/08/2020,88.4,11679.9
Leslie Harrison,06/08/2020,88.4,11679.9
Leslie Harrison,07/08/2020,88.4,11679.9
Leslie Harrison,08/08/2020,88.5,11682.53
Leslie Harrison,09/08/2020,88.3,11664.13
Leslie Harrison,10/08/2020,88.2,11643.14
Leslie Harrison,11/08/2020,88,11627.42
Leslie Harrison,12/08/2020,88,11622.19
Leslie Harrison,13/08/2020,87.9,11614.34
Leslie Harrison,14/08/2020,87.9,11606.49
Leslie Harrison,15/08/2020,88,11616.95
Leslie Harrison,16/08/2020,87.9,11606.49
Leslie Harrison,17/08/2020,87.8,11598.65
Leslie Harrison,18/08/2020,87.7,11577.77
Leslie Harrison,19/08/2020,87.5,11559.53
Leslie Harrison,20/08/2020,87.4,11541.31
Leslie Harrison,21/08/2020,87.3,11528.31
Leslie Harrison,22/08/2020,87.1,11504.95
Leslie Harrison,23/08/2020,86.9,11479.04
Leslie Harrison,24/08/2020,86.8,11468.69
Leslie Harrison,25/08/2020,86.8,11460.93
Leslie Harrison,26/08/2020,86.7,11455.76
Leslie Harrison,27/08/2020,86.7,11453.18
Leslie Harrison,28/08/2020,86.7,11445.43
Leslie Harrison,29/08/2020,86.6,11442.84
Leslie Harrison,30/08/2020,86.6,11440.26
Leslie Harrison,31/08/2020,86.6,11435.1
Leslie Harrison,01/09/2020,86.6,11432.52
Leslie Harrison,02/09/2020,86.6,11429.94
Leslie Harrison,03/09/2020,86.5,11424.78
Leslie Harrison,04/09/2020,86.5,11424.78
Leslie Harrison,05/09/2020,86.5,11422.2
Leslie Harrison,06/09/2020,86.5,11417.05
Leslie Harrison,07/09/2020,86.4,11414.47
Leslie Harrison,08/09/2020,86.4,11411.89
Leslie Harrison,09/09/2020,86.4,11409.32
Leslie Harrison,10/09/2020,86.4,11406.74
Leslie Harrison,11/09/2020,86.4,11404.17
Leslie Harrison,12/09/2020,86.3,11401.59
Leslie Harrison,13/09/2020,86.3,11396.44
Leslie Harrison,14/09/2020,84.7,11186.78
Leslie Harrison,15/09/2020,84.7,11179.16
Leslie Harrison,16/09/2020,84.6,11166.46
Leslie Harrison,17/09/2020,84.4,11141.09
Leslie Harrison,18/09/2020,84.3,11128.42
Leslie Harrison,19/09/2020,84.2,11118.29
Leslie Harrison,20/09/2020,84.1,11108.17
Leslie Harrison,21/09/2020,84.1,11108.17
Leslie Harrison,22/09/2020,83.8,11072.77
Leslie Harrison,23/09/2020,83.8,11072.77
Leslie Harrison,24/09/2020,83.5,11029.88
Leslie Harrison,25/09/2020,83.4,11009.73
Leslie Harrison,26/09/2020,83.1,10977.04
Leslie Harrison,27/09/2020,82.8,10936.89
Leslie Harrison,28/09/2020,82.7,10919.35
Leslie Harrison,29/09/2020,82.6,10906.83
Leslie Harrison,30/09/2020,82.6,10901.83
Leslie Harrison,01/10/2020,82.4,10884.33
Leslie Harrison,02/10/2020,82.2,10851.87
Leslie Harrison,03/10/2020,82.2,10851.87
Leslie Harrison,04/10/2020,82,10831.93
Leslie Harrison,05/10/2020,81.9,10812.01
Leslie Harrison,06/10/2020,81.7,10792.12
Leslie Harrison,07/10/2020,81.6,10769.76
Leslie Harrison,08/10/2020,81.4,10744.96
Leslie Harrison,09/10/2020,81.2,10725.15
Leslie Harrison,10/10/2020,80.9,10683.13
Leslie Harrison,11/10/2020,80.7,10660.93
Leslie Harrison,12/10/2020,80.7,10660.93
Leslie Harrison,13/10/2020,80.5,10626.45
Leslie Harrison,14/10/2020,80.4,10619.08
Leslie Harrison,15/10/2020,80.2,10587.15
Leslie Harrison,16/10/2020,80.2,10592.06
Leslie Harrison,17/10/2020,80,10569.99
Leslie Harrison,18/10/2020,79.7,10528.39
Leslie Harrison,19/10/2020,79.7,10518.61
Leslie Harrison,20/10/2020,79.5,10496.65
Leslie Harrison,21/10/2020,79.3,10472.29
Leslie Harrison,22/10/2020,79.4,10482.03
Leslie Harrison,23/10/2020,79.3,10474.72
Leslie Harrison,24/10/2020,79.9,10557.74
Leslie Harrison,25/10/2020,80.7,10663.39
Leslie Harrison,26/10/2020,81,10690.54
Leslie Harrison,27/10/2020,81.6,10779.69
Leslie Harrison,28/10/2020,81.9,10816.99
Leslie Harrison,29/10/2020,82.2,10859.36
Leslie Harrison,30/10/2020,82.2,10849.38
Leslie Harrison,31/10/2020,82.3,10871.84
Leslie Harrison,01/11/2020,82.6,10906.83
Leslie Harrison,02/11/2020,82.5,10891.83
Leslie Harrison,03/11/2020,82.4,10886.83
Leslie Harrison,04/11/2020,82.3,10871.84
Leslie Harrison,05/11/2020,82.1,10841.9
Leslie Harrison,06/11/2020,82.2,10851.87
Leslie Harrison,07/11/2020,81.9,10821.97
Leslie Harrison,08/11/2020,81.8,10799.57
Leslie Harrison,09/11/2020,81.6,10782.18
Leslie Harrison,10/11/2020,81.3,10735.05
Leslie Harrison,11/11/2020,81.3,10732.58
Leslie Harrison,12/11/2020,81.2,10720.2
Leslie Harrison,13/11/2020,81,10693.01
Leslie Harrison,14/11/2020,81,10700.42
Leslie Harrison,15/11/2020,80.8,10673.26
Leslie Harrison,16/11/2020,80.8,10665.86
Leslie Harrison,17/11/2020,80.3,10604.33
Leslie Harrison,18/11/2020,80.6,10643.68
Leslie Harrison,19/11/2020,80.2,10594.51
Leslie Harrison,20/11/2020,80,10569.99
Leslie Harrison,21/11/2020,79.9,10545.5
Leslie Harrison,22/11/2020,79.8,10533.27
Leslie Harrison,23/11/2020,79.6,10508.85
Leslie Harrison,24/11/2020,79.4,10479.59
Leslie Harrison,25/11/2020,79.1,10447.96
Leslie Harrison,26/11/2020,78.8,10411.55
Leslie Harrison,27/11/2020,78.7,10399.44
Leslie Harrison,28/11/2020,78.6,10375.24
Leslie Harrison,29/11/2020,78.4,10351.08
Leslie Harrison,30/11/2020,78.2,10326.96
Leslie Harrison,01/12/2020,77.7,10257.26
Leslie Harrison,02/12/2020,77.6,10247.68
Leslie Harrison,03/12/2020,77.4,10226.13
Leslie Harrison,04/12/2020,77.2,10192.69
Leslie Harrison,05/12/2020,76.9,10159.34
Leslie Harrison,06/12/2020,76.9,10149.83
Leslie Harrison,07/12/2020,76.7,10135.57
Leslie Harrison,08/12/2020,76.5,10104.73
Leslie Harrison,09/12/2020,76.5,10099.99
Leslie Harrison,10/12/2020,76.2,10069.24
Leslie Harrison,11/12/2020,76.2,10069.24
Leslie Harrison,12/12/2020,76.5,10099.99
Leslie Harrison,13/12/2020,78.2,10326.96
Leslie Harrison,14/12/2020,87.4,11546.51
Leslie Harrison,15/12/2020,91,12021.66
Leslie Harrison,16/12/2020,92.2,12172.05
Leslie Harrison,17/12/2020,94.7,12511.72
Leslie Harrison,18/12/2020,95.7,12644.24
Leslie Harrison,19/12/2020,96,12679.07
Leslie Harrison,20/12/2020,96.2,12699.42
Leslie Harrison,21/12/2020,96.2,12708.15
Leslie Harrison,22/12/2020,96.5,12737.29
Leslie Harrison,23/12/2020,96.2,12708.15
Leslie Harrison,24/12/2020,96,12679.07
Leslie Harrison,25/12/2020,95.9,12667.45
Leslie Harrison,26/12/2020,95.7,12635.55
Leslie Harrison,27/12/2020,95.5,12618.19
Leslie Harrison,28/12/2020,95.4,12595.07
Leslie Harrison,29/12/2020,95.2,12566.25
Leslie Harrison,30/12/2020,95.4,12592.19
Leslie Harrison,31/12/2020,95.5,12609.51
Leslie Harrison,01/01/2021,95.4,12603.73
Leslie Harrison,02/01/2021,95.4,12597.96
Leslie Harrison,03/01/2021,95.1,12563.37
Leslie Harrison,04/01/2021,95.1,12563.37
Leslie Harrison,05/01/2021,94.9,12537.51
Leslie Harrison,06/01/2021,94.9,12537.51
Leslie Harrison,07/01/2021,94.7,12500.28
Leslie Harrison,08/01/2021,94.6,12488.86
Leslie Harrison,09/01/2021,94.5,12486.01
Leslie Harrison,10/01/2021,94.3,12448.99
Leslie Harrison,11/01/2021,94.1,12431.97
Leslie Harrison,12/01/2021,94.2,12446.15
Leslie Harrison,13/01/2021,94,12412.14
Leslie Harrison,14/01/2021,93.9,12395.18
Leslie Harrison,15/01/2021,93.4,12336.08
Leslie Harrison,16/01/2021,93.6,12361.36
Leslie Harrison,17/01/2021,93,12280.15
Leslie Harrison,18/01/2021,106.9,14115.34
Leslie Harrison,19/01/2021,104.7,13822.83
Leslie Harrison,20/01/2021,102.2,13502.14
Leslie Harrison,21/01/2021,101.3,13371.71
Leslie Harrison,22/01/2021,100.6,13281.71
Leslie Harrison,23/01/2021,100.5,13270.08
Leslie Harrison,24/01/2021,100.1,13220.58
Leslie Harrison,25/01/2021,100.1,13220.58
Leslie Harrison,26/01/2021,100,13200.16
Leslie Harrison,27/01/2021,99.8,13176.8
Leslie Harrison,28/01/2021,99.6,13147.57
Leslie Harrison,29/01/2021,99.6,13147.57
Leslie Harrison,30/01/2021,99.4,13132.94
Leslie Harrison,31/01/2021,99.3,13118.3
Leslie Harrison,01/02/2021,98.8,13053.81
Leslie Harrison,02/02/2021,99.6,13147.57
Leslie Harrison,03/02/2021,99.6,13147.57
Leslie Harrison,04/02/2021,99.4,13124.15
Leslie Harrison,05/02/2021,99.6,13147.57
Leslie Harrison,06/02/2021,97.6,12883.59
Leslie Harrison,07/02/2021,99.1,13089
Leslie Harrison,08/02/2021,98.9,13059.67
Leslie Harrison,09/02/2021,98.8,13045.01
Leslie Harrison,10/02/2021,98.4,12998.05
Leslie Harrison,11/02/2021,98.5,13003.92
Leslie Harrison,12/02/2021,98.3,12983.37
Leslie Harrison,13/02/2021,98.1,12951.08
Leslie Harrison,14/02/2021,98,12945.21
Leslie Harrison,15/02/2021,98,12945.21
Leslie Harrison,16/02/2021,98.2,12962.82
Leslie Harrison,17/02/2021,98.1,12951.08
Leslie Harrison,18/02/2021,98.6,13024.46
Leslie Harrison,19/02/2021,98.8,13045.01
Leslie Harrison,20/02/2021,98.8,13050.87
Leslie Harrison,21/02/2021,98.7,13039.14
Leslie Harrison,22/02/2021,98.4,13000.98
Leslie Harrison,23/02/2021,99.2,13100.72
Leslie Harrison,24/02/2021,100,13200.16
Leslie Harrison,25/02/2021,100.2,13232.24
Leslie Harrison,26/02/2021,100.4,13255.53
Leslie Harrison,27/02/2021,100.2,13229.32
Leslie Harrison,28/02/2021,100.1,13214.75
Leslie Harrison,01/03/2021,100,13203.08
Leslie Harrison,02/03/2021,99.8,13182.65
Leslie Harrison,03/03/2021,99.7,13168.04
Leslie Harrison,04/03/2021,99.6,13147.57
Leslie Harrison,05/03/2021,99.6,13150.49
Leslie Harrison,06/03/2021,99.4,13127.08
Leslie Harrison,07/03/2021,99.3,13112.44
Leslie Harrison,08/03/2021,99.3,13109.51
Leslie Harrison,09/03/2021,99.7,13165.11
Leslie Harrison,10/03/2021,99.6,13147.57
Leslie Harrison,11/03/2021,101.1,13357.21
Leslie Harrison,12/03/2021,101.3,13371.71
Leslie Harrison,13/03/2021,100.9,13328.19
Leslie Harrison,14/03/2021,100.6,13281.71
Leslie Harrison,15/03/2021,100.4,13255.53
Leslie Harrison,16/03/2021,100.6,13281.71
Leslie Harrison,17/03/2021,101.3,13377.51
Leslie Harrison,18/03/2021,101.6,13423.89
Leslie Harrison,19/03/2021,101.2,13368.81
Leslie Harrison,20/03/2021,100.9,13322.38
Leslie Harrison,21/03/2021,105.5,13935.22
Leslie Harrison,22/03/2021,115.1,15204.94
Leslie Harrison,23/03/2021,117.9,15572.69
Leslie Harrison,24/03/2021,106.9,14121.41
Leslie Harrison,25/03/2021,103.4,13653.14
Leslie Harrison,26/03/2021,102,13476.05
Leslie Harrison,27/03/2021,101.3,13371.71
Leslie Harrison,28/03/2021,100.9,13331.09
Leslie Harrison,29/03/2021,100.6,13290.43
Leslie Harrison,30/03/2021,100.5,13270.08
Leslie Harrison,31/03/2021,100.3,13246.8
Leslie Harrison,01/04/2021,100.3,13240.98
Leslie Harrison,02/04/2021,100.2,13229.32
Leslie Harrison,03/04/2021,100.2,13229.32
Leslie Harrison,04/04/2021,100.3,13240.98
Leslie Harrison,05/04/2021,101.2,13363.01
Leslie Harrison,06/04/2021,112.3,14834.44
Leslie Harrison,07/04/2021,108.1,14274.13
Leslie Harrison,08/04/2021,104.2,13755.31
Leslie Harrison,09/04/2021,102.6,13554.34
Leslie Harrison,10/04/2021,101.6,13423.89
Leslie Harrison,11/04/2021,101,13336.9
Leslie Harrison,12/04/2021,100.5,13272.99
Leslie Harrison,13/04/2021,100.3,13240.98
Leslie Harrison,14/04/2021,100.2,13235.15
Leslie Harrison,15/04/2021,100,13206
Leslie Harrison,16/04/2021,100,13206
Leslie Harrison,17/04/2021,100,13206
Leslie Harrison,18/04/2021,100,13206
Leslie Harrison,19/04/2021,99.8,13176.8
Leslie Harrison,20/04/2021,99.8,13176.8
Leslie Harrison,21/04/2021,99.8,13176.8
Leslie Harrison,22/04/2021,99.8,13176.8
Leslie Harrison,23/04/2021,99.6,13147.57
Leslie Harrison,24/04/2021,99.6,13147.57
Leslie Harrison,25/04/2021,99.6,13147.57
Leslie Harrison,26/04/2021,99.3,13118.3
Leslie Harrison,27/04/2021,99.3,13118.3
Leslie Harrison,28/04/2021,99.1,13089
Leslie Harrison,29/04/2021,99.1,13089
Leslie Harrison,30/04/2021,99.6,13147.57
Leslie Harrison,01/05/2021,99.8,13176.8
Leslie Harrison,02/05/2021,100,13206
Leslie Harrison,03/05/2021,100,13206
Leslie Harrison,04/05/2021,100,13206
Leslie Harrison,05/05/2021,102.2,13496.34
Leslie Harrison,06/05/2021,102,13467.36
Leslie Harrison,07/05/2021,101.6,13418.09
Leslie Harrison,08/05/2021,101.2,13360.11
Leslie Harrison,09/05/2021,100.8,13316.58
Leslie Harrison,10/05/2021,100.6,13287.53
Leslie Harrison,11/05/2021,100.6,13284.62
Leslie Harrison,12/05/2021,102.6,13554.34
Leslie Harrison,13/05/2021,102.4,13525.33
Leslie Harrison,14/05/2021,101.5,13409.4
Leslie Harrison,15/05/2021,100.9,13322.38
Leslie Harrison,16/05/2021,100.4,13264.26
Leslie Harrison,17/05/2021,100.2,13235.15
Leslie Harrison,18/05/2021,100.4,13252.62
Leslie Harrison,19/05/2021,100.3,13243.89
Leslie Harrison,20/05/2021,100.2,13232.24
Leslie Harrison,21/05/2021,100.1,13223.5
Leslie Harrison,22/05/2021,100.1,13214.75
Leslie Harrison,23/05/2021,100,13208.92
Leslie Harrison,24/05/2021,100,13200.16
Leslie Harrison,25/05/2021,99.9,13194.33
Leslie Harrison,26/05/2021,99.8,13185.57
Leslie Harrison,27/05/2021,99.8,13176.8
Leslie Harrison,28/05/2021,99.7,13168.04
Leslie Harrison,29/05/2021,99.3,13118.3
Leslie Harrison,30/05/2021,99.5,13141.72
Leslie Harrison,31/05/2021,99.4,13132.94
Leslie Harrison,01/06/2021,99.4,13121.22
Leslie Harrison,02/06/2021,99.3,13109.51
Leslie Harrison,03/06/2021,99.3,13112.44
Leslie Harrison,04/06/2021,99.2,13106.58
Leslie Harrison,05/06/2021,98.9,13059.67
Leslie Harrison,06/06/2021,99.1,13083.13
Leslie Harrison,07/06/2021,99,13071.4
Leslie Harrison,08/06/2021,98.9,13062.61
Leslie Harrison,09/06/2021,98.8,13050.87
Leslie Harrison,10/06/2021,98.7,13033.27
Leslie Harrison,11/06/2021,98.6,13018.59
Leslie Harrison,12/06/2021,98,12942.27
Leslie Harrison,13/06/2021,98.2,12971.63
Leslie Harrison,14/06/2021,98.2,12971.63
Leslie Harrison,15/06/2021,98.2,12971.63
Leslie Harrison,16/06/2021,98.2,12971.63
Leslie Harrison,17/06/2021,98,12942.27
Leslie Harrison,18/06/2021,98,12942.27
Leslie Harrison,19/06/2021,97.8,12912.92
Leslie Harrison,20/06/2021,97.8,12912.92
Leslie Harrison,21/06/2021,97.9,12924.66
Leslie Harrison,22/06/2021,97.6,12883.59
Leslie Harrison,23/06/2021,97.6,12883.59
Leslie Harrison,24/06/2021,97.8,12912.92
Leslie Harrison,25/06/2021,97.8,12912.92
Leslie Harrison,26/06/2021,97.8,12912.92
Leslie Harrison,27/06/2021,97.8,12912.92
Leslie Harrison,28/06/2021,97.8,12912.92
Leslie Harrison,29/06/2021,97.6,12883.59
Leslie Harrison,30/06/2021,97.6,12883.59
Leslie Harrison,01/07/2021,97.8,12912.92
Leslie Harrison,02/07/2021,98,12942.27
Leslie Harrison,03/07/2021,98.4,13000.98
Leslie Harrison,04/07/2021,98.4,13000.98
Leslie Harrison,05/07/2021,98.4,13000.98
Leslie Harrison,06/07/2021,98.4,12998.05
Leslie Harrison,07/07/2021,98.4,12989.24
Leslie Harrison,08/07/2021,98.4,13000.98
Leslie Harrison,09/07/2021,98.9,13059.67
Leslie Harrison,10/07/2021,99.1,13089
Leslie Harrison,11/07/2021,99.1,13089
Leslie Harrison,12/07/2021,99.1,13089
Leslie Harrison,13/07/2021,98.9,13059.67
Leslie Harrison,14/07/2021,98.9,13059.67
Leslie Harrison,15/07/2021,98.9,13059.67
Leslie Harrison,16/07/2021,98.9,13059.67
Leslie Harrison,17/07/2021,98.9,13059.67
Leslie Harrison,18/07/2021,98.9,13059.67
Leslie Harrison,19/07/2021,98.7,13030.33
Leslie Harrison,20/07/2021,98.7,13030.33
Leslie Harrison,21/07/2021,98.4,13000.98
Leslie Harrison,22/07/2021,98.4,13000.98
Leslie Harrison,23/07/2021,98.4,13000.98
Leslie Harrison,24/07/2021,98.4,13000.98
Leslie Harrison,25/07/2021,98.2,12971.63
Leslie Harrison,26/07/2021,98.2,12971.63
Leslie Harrison,27/07/2021,98,12942.27
Leslie Harrison,28/07/2021,98,12942.27
Leslie Harrison,29/07/2021,98,12942.27
Leslie Harrison,30/07/2021,97.8,12912.92
Leslie Harrison,31/07/2021,97.8,12912.92
Leslie Harrison,01/08/2021,97.8,12912.92
Leslie Harrison,02/08/2021,97.6,12883.59
Leslie Harrison,03/08/2021,97.6,12883.59
Leslie Harrison,04/08/2021,97.6,12883.59
Leslie Harrison,05/08/2021,97.3,12854.27
Leslie Harrison,06/08/2021,97.1,12824.97
Leslie Harrison,07/08/2021,97.1,12824.97
Leslie Harrison,08/08/2021,96.9,12795.71
Leslie Harrison,09/08/2021,96.9,12795.71
Leslie Harrison,10/08/2021,96.9,12795.71
Leslie Harrison,11/08/2021,96.7,12775.24
Leslie Harrison,12/08/2021,96.6,12760.64
Leslie Harrison,13/08/2021,96.5,12737.29
Leslie Harrison,14/08/2021,96.5,12737.29
Leslie Harrison,15/08/2021,96.2,12708.15
Leslie Harrison,16/08/2021,96,12679.07
Leslie Harrison,17/08/2021,95.8,12650.04
Leslie Harrison,18/08/2021,95.8,12650.04
Leslie Harrison,19/08/2021,95.6,12621.08
Leslie Harrison,20/08/2021,95.4,12592.19
Leslie Harrison,21/08/2021,95.1,12563.37
Leslie Harrison,22/08/2021,95.1,12563.37
Leslie Harrison,23/08/2021,94.9,12534.64
Leslie Harrison,24/08/2021,94.9,12534.64
Leslie Harrison,25/08/2021,94.7,12506
Leslie Harrison,26/08/2021,94.6,12488.86
Leslie Harrison,27/08/2021,94.5,12477.45
Leslie Harrison,28/08/2021,94.3,12448.99
Leslie Harrison,29/08/2021,94.3,12448.99
Leslie Harrison,30/08/2021,94.1,12420.63
Leslie Harrison,31/08/2021,94.1,12420.63
Leslie Harrison,01/09/2021,93.8,12392.36
Leslie Harrison,02/09/2021,93.8,12392.36
Leslie Harrison,03/09/2021,93.8,12392.36
Leslie Harrison,04/09/2021,93.6,12364.17
Leslie Harrison,05/09/2021,93.6,12364.17
Leslie Harrison,06/09/2021,93.4,12336.08
Leslie Harrison,07/09/2021,93.2,12308.07
Leslie Harrison,08/09/2021,93.2,12308.07
Leslie Harrison,09/09/2021,93,12280.15
Leslie Harrison,10/09/2021,93,12280.15
Leslie Harrison,11/09/2021,92.8,12252.31
Leslie Harrison,12/09/2021,92.6,12224.56
Leslie Harrison,13/09/2021,92.6,12224.56
Leslie Harrison,14/09/2021,92.4,12196.89
Leslie Harrison,15/09/2021,92.1,12169.3
Leslie Harrison,16/09/2021,92.1,12169.3
Leslie Harrison,17/09/2021,91.9,12141.79
Leslie Harrison,18/09/2021,91.7,12114.35
Leslie Harrison,19/09/2021,91.5,12087
Leslie Harrison,20/09/2021,91.5,12087
Leslie Harrison,21/09/2021,91.3,12059.72
Leslie Harrison,22/09/2021,90.9,12005.39
Leslie Harrison,23/09/2021,90.7,11978.33
Leslie Harrison,24/09/2021,90.5,11951.35
Leslie Harrison,25/09/2021,90.5,11951.35
Leslie Harrison,26/09/2021,90.3,11924.43
Leslie Harrison,27/09/2021,90.1,11897.59
Leslie Harrison,28/09/2021,89.9,11870.81
Leslie Harrison,29/09/2021,89.9,11870.81
Leslie Harrison,30/09/2021,89.9,11870.81
Leslie Harrison,01/10/2021,90.2,11911
Leslie Harrison,02/10/2021,90.3,11924.43
Leslie Harrison,03/10/2021,90.1,11897.59
Leslie Harrison,04/10/2021,90.1,11897.59
Leslie Harrison,05/10/2021,89.9,11870.81
Leslie Harrison,06/10/2021,89.5,11817.45
Leslie Harrison,07/10/2021,89.5,11817.45
Leslie Harrison,08/10/2021,89.3,11790.87
Leslie Harrison,09/10/2021,89.1,11764.35
Leslie Harrison,10/10/2021,88.9,11737.89
Leslie Harrison,11/10/2021,89.1,11761.7
Leslie Harrison,12/10/2021,89.7,11844.1
Leslie Harrison,13/10/2021,89.7,11844.1
Leslie Harrison,14/10/2021,94.4,12466.06
Leslie Harrison,15/10/2021,94.9,12534.64
Leslie Harrison,16/10/2021,94.9,12534.64
Leslie Harrison,17/10/2021,94.9,12534.64
Leslie Harrison,18/10/2021,94.9,12534.64
Leslie Harrison,19/10/2021,94.9,12534.64
Leslie Harrison,20/10/2021,95.4,12595.07
Leslie Harrison,21/10/2021,95.6,12621.08
Leslie Harrison,22/10/2021,95.8,12650.04
Leslie Harrison,23/10/2021,95.8,12650.04
Leslie Harrison,24/10/2021,95.8,12650.04
Leslie Harrison,25/10/2021,95.6,12621.08
Leslie Harrison,26/10/2021,95.6,12626.87
Leslie Harrison,27/10/2021,95.6,12621.08
Leslie Harrison,28/10/2021,95.4,12592.19
Leslie Harrison,29/10/2021,95.4,12592.19
Leslie Harrison,30/10/2021,95.1,12563.37
Leslie Harrison,31/10/2021,95.1,12563.37
Leslie Harrison,01/11/2021,94.9,12534.64
Leslie Harrison,02/11/2021,94.9,12534.64
Leslie Harrison,03/11/2021,94.7,12506
Leslie Harrison,04/11/2021,94.7,12506
Leslie Harrison,05/11/2021,94.5,12477.45
Leslie Harrison,06/11/2021,94.3,12448.99
Leslie Harrison,07/11/2021,94.3,12448.99
Leslie Harrison,08/11/2021,94.5,12477.45
Leslie Harrison,09/11/2021,94.5,12477.45
Leslie Harrison,10/11/2021,94.3,12448.99
Leslie Harrison,11/11/2021,94.9,12534.64
Leslie Harrison,12/11/2021,95.4,12592.19
Leslie Harrison,13/11/2021,95.1,12563.37
Leslie Harrison,14/11/2021,94.9,12534.64
Leslie Harrison,15/11/2021,93.8,12392.36
Leslie Harrison,16/11/2021,94.5,12477.45
Leslie Harrison,17/11/2021,94.5,12477.45
Leslie Harrison,18/11/2021,94.3,12448.99
Leslie Harrison,19/11/2021,94.3,12448.99
Leslie Harrison,20/11/2021,94.2,12434.8
Leslie Harrison,21/11/2021,94.1,12420.63
Leslie Harrison,22/11/2021,94.1,12420.63
Leslie Harrison,23/11/2021,94.3,12448.99
Leslie Harrison,24/11/2021,96.9,12795.71
Leslie Harrison,25/11/2021,99.9,13197.25
Leslie Harrison,26/11/2021,102.8,13577.56
Leslie Harrison,27/11/2021,102.2,13496.34
Leslie Harrison,28/11/2021,101.3,13380.41
Leslie Harrison,29/11/2021,100.9,13322.38
Leslie Harrison,30/11/2021,105.1,13875.92
Leslie Harrison,01/12/2021,111.4,14712.82
Leslie Harrison,02/12/2021,105.5,13926.3
Leslie Harrison,03/12/2021,103.1,13618.23
Leslie Harrison,04/12/2021,102.2,13496.34
Leslie Harrison,05/12/2021,101.3,13380.41
Leslie Harrison,06/12/2021,100.9,13322.38
Leslie Harrison,07/12/2021,100.7,13293.34
Leslie Harrison,08/12/2021,101.4,13394.9
Leslie Harrison,09/12/2021,101.8,13444.18
Leslie Harrison,10/12/2021,102,13467.36
Leslie Harrison,11/12/2021,101.3,13380.41
Leslie Harrison,12/12/2021,100.9,13322.38
Leslie Harrison,13/12/2021,100.4,13264.26
Leslie Harrison,14/12/2021,100.2,13235.15
Leslie Harrison,15/12/2021,100,13206
Leslie Harrison,16/12/2021,100,13206
Leslie Harrison,17/12/2021,99.8,13176.8
Leslie Harrison,18/12/2021,99.9,13197.25
Leslie Harrison,19/12/2021,99.6,13147.57
Leslie Harrison,20/12/2021,99.6,13147.57
Leslie Harrison,21/12/2021,99.3,13118.3
Leslie Harrison,22/12/2021,99.3,13112.44
Leslie Harrison,23/12/2021,98.9,13059.67
Leslie Harrison,24/12/2021,98.9,13059.67
Leslie Harrison,25/12/2021,98.9,13059.67
Leslie Harrison,26/12/2021,98.9,13059.67
Leslie Harrison,27/12/2021,99.5,13144.64
Leslie Harrison,28/12/2021,99.6,13147.57
Leslie Harrison,29/12/2021,99.6,13147.57
Leslie Harrison,30/12/2021,99.6,13147.57
Leslie Harrison,31/12/2021,99.6,13147.57
Leslie Harrison,01/01/2022,99.8,13176.8
Leslie Harrison,02/01/2022,100,13206
Leslie Harrison,03/01/2022,99.8,13176.8
Leslie Harrison,04/01/2022,99.8,13176.8
Leslie Harrison,05/01/2022,99.8,13176.8
Leslie Harrison,06/01/2022,99.8,13176.8
Leslie Harrison,07/01/2022,100.2,13235.15
Leslie Harrison,08/01/2022,100.2,13235.15
Leslie Harrison,09/01/2022,100.2,13235.15
Leslie Harrison,10/01/2022,100,13206
Leslie Harrison,11/01/2022,99.8,13176.8
Leslie Harrison,12/01/2022,99.8,13176.8
Leslie Harrison,13/01/2022,99.6,13147.57
Leslie Harrison,14/01/2022,99.3,13118.3
Leslie Harrison,15/01/2022,99.1,13089
Leslie Harrison,16/01/2022,99.3,13118.3
Leslie Harrison,17/01/2022,99.3,13118.3
Leslie Harrison,18/01/2022,99.1,13089
Leslie Harrison,19/01/2022,99.1,13089
Leslie Harrison,20/01/2022,100.1,13223.5
Leslie Harrison,21/01/2022,100,13206
Leslie Harrison,22/01/2022,100,13206
Leslie Harrison,23/01/2022,100,13206
Leslie Harrison,24/01/2022,99.8,13176.8
Leslie Harrison,25/01/2022,99.8,13176.8
Leslie Harrison,26/01/2022,99.8,13176.8
Leslie Harrison,27/01/2022,99.6,13147.57
Leslie Harrison,28/01/2022,99.6,13147.57
Leslie Harrison,29/01/2022,99.6,13150.49
Leslie Harrison,30/01/2022,99.3,13118.3
Leslie Harrison,31/01/2022,99.1,13089
Leslie Harrison,01/02/2022,99.3,13118.3
Leslie Harrison,02/02/2022,99.8,13176.8
Leslie Harrison,03/02/2022,101.2,13365.91
Leslie Harrison,04/02/2022,101.3,13380.41
Leslie Harrison,05/02/2022,100.7,13293.34
Leslie Harrison,06/02/2022,100.4,13264.26
Leslie Harrison,07/02/2022,100.2,13235.15
Leslie Harrison,08/02/2022,99.8,13176.8
Leslie Harrison,09/02/2022,99.8,13176.8
Leslie Harrison,10/02/2022,99.6,13147.57
Leslie Harrison,11/02/2022,99.3,13118.3
Leslie Harrison,12/02/2022,99.3,13118.3
Leslie Harrison,13/02/2022,99.1,13089
Leslie Harrison,14/02/2022,99.1,13089
Leslie Harrison,15/02/2022,98.9,13059.67
Leslie Harrison,16/02/2022,98.9,13059.67
Leslie Harrison,17/02/2022,98.7,13030.33
Leslie Harrison,18/02/2022,98.4,13000.98
Leslie Harrison,19/02/2022,98.4,13000.98
Leslie Harrison,20/02/2022,98.4,13000.98
Leslie Harrison,21/02/2022,98.4,13000.98
Leslie Harrison,22/02/2022,98.4,13000.98
Leslie Harrison,23/02/2022,104.2,13758.24
Leslie Harrison,24/02/2022,105.3,13905.52
Leslie Harrison,25/02/2022,160.1,21145.4
Leslie Harrison,26/02/2022,142.7,18842.35
Leslie Harrison,27/02/2022,174.6,23051.54
Leslie Harrison,28/02/2022,116.9,15442.79
Leslie Harrison,01/03/2022,107.2,14154.81
Leslie Harrison,02/03/2022,103.9,13726.06
Leslie Harrison,03/03/2022,107,14124.44
Leslie Harrison,04/03/2022,105.2,13890.71